<?xml version="1.0" encoding="UTF-8" standalone="yes"?><ns6:process xmlns="http://www.omg.org/spec/BPMN/20100524/MODEL" xmlns:ns2="http://www.omg.org/spec/DD/20100524/DI" xmlns:ns3="http://www.omg.org/spec/BPMN/20100524/DI" xmlns:ns4="http://www.omg.org/spec/DD/20100524/DC" xmlns:ns5="http://www.wiredwidgets.org/cow/server/schema/service" xmlns:ns6="http://www.wiredwidgets.org/cow/server/schema/model-v2" xmlns:ns7="http://www.wiredwidgets.org/rem2/schema" name="2task-grp-vars" key="2task-grp-vars" maxId="4"><ns6:activities sequential="true" name="base" key="_D0D8F165-C481-43F5-9F2D-A37DC2599140"><ns6:task name="Task 1" key="_3C26A880-FBAD-4390-B58F-044495C6F54C" bypassable="false"><ns6:description></ns6:description><ns6:candidateGroups>SIDO</ns6:candidateGroups><ns6:variables><ns6:variable name="Additional Info 1" value="addingvars"/></ns6:variables></ns6:task><ns6:task name="Task 2" key="_1B0D2B02-35B4-4390-ACE2-D3FD09AA70FF" bypassable="false"><ns6:description></ns6:description><ns6:candidateGroups>SIDO</ns6:candidateGroups><ns6:variables><ns6:variable name="Additional Info 1" value="vars-to-second-task"/></ns6:variables></ns6:task></ns6:activities><ns6:bypassAssignee>admin</ns6:bypassAssignee></ns6:process>