<?xml version="1.0" encoding="UTF-8" standalone="yes"?><ns6:process xmlns="http://www.omg.org/spec/BPMN/20100524/MODEL" xmlns:ns2="http://www.omg.org/spec/DD/20100524/DI" xmlns:ns3="http://www.omg.org/spec/BPMN/20100524/DI" xmlns:ns4="http://www.omg.org/spec/DD/20100524/DC" xmlns:ns5="http://www.wiredwidgets.org/cow/server/schema/service" xmlns:ns6="http://www.wiredwidgets.org/cow/server/schema/model-v2" xmlns:ns7="http://www.wiredwidgets.org/rem2/schema" name="2tasks-user" key="2tasks-user" maxId="0"><ns6:activities sequential="true" name="base" key="_108BE70A-9002-4CDC-AD56-351AA9C2D009"><ns6:task name="Task 1" key="_9C6A6260-A9CA-4DA5-AB58-892A7EBF02E8" bypassable="false"><ns6:description>zxcvv</ns6:description><ns6:assignee>mhowansky</ns6:assignee><ns6:variables/></ns6:task><ns6:task name="Task 2" key="_19FA60D6-3659-44E2-92BE-8A35A679B794" bypassable="false"><ns6:description></ns6:description><ns6:assignee>mhowansky</ns6:assignee><ns6:variables/></ns6:task></ns6:activities><ns6:variables/><ns6:bypassAssignee>admin</ns6:bypassAssignee></ns6:process>