<?xml version="1.0" encoding="UTF-8" standalone="yes"?><ns6:process xmlns="http://www.omg.org/spec/BPMN/20100524/MODEL" xmlns:ns2="http://www.omg.org/spec/DD/20100524/DI" xmlns:ns3="http://www.omg.org/spec/BPMN/20100524/DI" xmlns:ns4="http://www.omg.org/spec/DD/20100524/DC" xmlns:ns5="http://www.wiredwidgets.org/cow/server/schema/service" xmlns:ns6="http://www.wiredwidgets.org/cow/server/schema/model-v2" xmlns:ns7="http://www.wiredwidgets.org/rem2/schema" name="2tasks-userasdf" key="2tasks-userasdf" maxId="0"><ns6:activities sequential="true" name="base" key="_A3618319-8CC2-4B6E-84C6-D664DE5A66CC"><ns6:task name="Task 1" key="_314463B1-6C8E-478D-AFA0-EB01E7128A01" bypassable="false"><ns6:description>zxcvv</ns6:description><ns6:assignee>mhowansky</ns6:assignee><ns6:variables/></ns6:task><ns6:task name="Task 2" key="_E05D7AB0-A8A4-4945-9ADF-0B8704F9CB2F" bypassable="false"><ns6:description></ns6:description><ns6:assignee>mhowansky</ns6:assignee><ns6:variables/></ns6:task></ns6:activities><ns6:variables/><ns6:bypassAssignee>admin</ns6:bypassAssignee></ns6:process>