<?xml version="1.0" encoding="UTF-8" standalone="yes"?><ns6:process xmlns="http://www.omg.org/spec/BPMN/20100524/MODEL" xmlns:ns2="http://www.omg.org/spec/DD/20100524/DI" xmlns:ns3="http://www.omg.org/spec/BPMN/20100524/DI" xmlns:ns4="http://www.omg.org/spec/DD/20100524/DC" xmlns:ns5="http://www.wiredwidgets.org/cow/server/schema/service" xmlns:ns6="http://www.wiredwidgets.org/cow/server/schema/model-v2" xmlns:ns7="http://www.wiredwidgets.org/rem2/schema" name="AIC14_ISRRequest_A" key="AIC14_ISRRequest_A" maxId="0"><ns6:activities sequential="true" name="base" key="_49A788D8-5006-4467-AA13-5CEE42FBFBA2"><ns6:task name="Interpret Request" key="_2E9F4DB0-7B84-4B98-90EC-B9195900F3C2" bypassable="false"><ns6:description></ns6:description><ns6:assignee>bgoodrich</ns6:assignee><ns6:variables/></ns6:task><ns6:decision name="Propose Tasking" key="_DF58024B-BA9A-453E-9CBF-7E469FFB6400" bypassable="false"><ns6:description></ns6:description><ns6:task name="Propose Tasking?" key="" bypassable="false"><ns6:description></ns6:description><ns6:assignee>bgoodrich</ns6:assignee><ns6:variables/></ns6:task><ns6:option name="Yes"><ns6:activities sequential="true" name="Yesoption" key="_7DF3C9D4-B1B8-4DD3-A33F-8ACCF5F75093" bypassable="false"><ns6:description></ns6:description><ns6:serviceTask name="Create Required Approvals" key="_2ECD2353-6B98-4D77-A57A-CAE6C76EB135" bypassable="false"><ns6:description></ns6:description><ns6:method>GET</ns6:method><ns6:url>http://mm180386-pc.mitre.org:8081/MissionInformationServiceRestService-war/resource/missions/144d12d2-011b-4d03-a80c-e26c595b9f7b</ns6:url><ns6:var>MissionInformationServiceRet</ns6:var></ns6:serviceTask><ns6:activities sequential="false" name="Initiate Required Approvals" key="_B1D906FA-AA63-409A-A2D3-B2D3B29FC49F" bypassable="false"><ns6:description></ns6:description><ns6:decision name="SIDO Approval" key="_642C3DE7-9E9D-4503-9AA7-FE30FA4FD4E5" bypassable="false"><ns6:description></ns6:description><ns6:task name="Approve Request?" key="" bypassable="false"><ns6:description></ns6:description><ns6:assignee>bgoodrich</ns6:assignee><ns6:variables/></ns6:task><ns6:option name="No"><ns6:activities sequential="true" name="Nooption" key="_9074FAC2-3C6C-461F-B57E-FAC4AAF9E0CF" bypassable="false"><ns6:description></ns6:description><ns6:exit state="Approval Denied by SIDO" name="Exit" key="_5D5F317D-8CF7-4F01-9CAD-2ED4989F605B" bypassable="false"><ns6:description></ns6:description></ns6:exit></ns6:activities></ns6:option></ns6:decision><ns6:decision name="SODO Approval" key="_B59E1DB9-3CA4-43A4-B248-76C0B0D320D9" bypassable="false"><ns6:description></ns6:description><ns6:task name="Approve Request?" key="" bypassable="false"><ns6:description></ns6:description><ns6:assignee>bgoodrich</ns6:assignee><ns6:variables/></ns6:task><ns6:option name="No"><ns6:activities sequential="true" name="Nooption" key="_B05E2369-BEBC-4A61-AF38-2C313D3E845D" bypassable="false"><ns6:description></ns6:description><ns6:exit state="Approval Denied by SODO" name="Exit" key="_F1A66EF9-32B4-42EA-B8C5-B44B9B46466E" bypassable="false"><ns6:description></ns6:description></ns6:exit></ns6:activities></ns6:option></ns6:decision></ns6:activities><ns6:decision name="Check Approvals" key="_5E70570E-EA43-42F3-BA4E-01E425F41C45" bypassable="false"><ns6:description></ns6:description><ns6:task name="Did all required parties approve the request?" key="" bypassable="false"><ns6:description></ns6:description><ns6:assignee>bgoodrich</ns6:assignee><ns6:variables/></ns6:task><ns6:option name="Yes"><ns6:activities sequential="true" name="Yesoption" key="_29AED070-0232-4C77-9C32-C3028E82AC8E" bypassable="false"><ns6:description></ns6:description><ns6:task name="Enact Proposed Tasking" key="_7F6609AD-6219-4674-BFF5-13C9F1AF7976" bypassable="false"><ns6:description></ns6:description><ns6:assignee>bgoodrich</ns6:assignee><ns6:variables/></ns6:task></ns6:activities></ns6:option><ns6:option name="No"><ns6:activities sequential="true" name="Nooption" key="_1BAD6218-19EA-4339-A502-D06A5155A8F6" bypassable="false"><ns6:description></ns6:description><ns6:exit state="Approval Denied" name="Exit" key="_5D6320EC-3EEF-455A-895F-AFAC51034FB7" bypassable="false"><ns6:description></ns6:description></ns6:exit></ns6:activities></ns6:option></ns6:decision></ns6:activities></ns6:option><ns6:option name="No"><ns6:activities sequential="true" name="Nooption" key="_CFDDB82D-E78C-497E-9690-A9C895C0DF6B" bypassable="false"><ns6:description></ns6:description><ns6:exit state="Tasking Proposal Denied" name="Exit" key="_1DBD83BD-B82D-4947-AF2E-011718E57D3C" bypassable="false"><ns6:description></ns6:description></ns6:exit><ns6:task name="Task 1" key="_D518105A-CDCC-4F2B-9830-ADAD67631BF0" bypassable="false"><ns6:description></ns6:description><ns6:assignee>bgoodrich</ns6:assignee><ns6:variables/></ns6:task><ns6:task name="Task 10" key="_DE5633CB-59D2-4D2D-917F-A2AA022E86EE" bypassable="false"><ns6:description></ns6:description><ns6:assignee>bgoodrich</ns6:assignee><ns6:variables/></ns6:task><ns6:task name="(ServiceTask) Create Required Approvals" key="_B7C451C0-C657-4F7F-B51F-CF0B0CC04E06" bypassable="false"><ns6:description></ns6:description><ns6:assignee>bgoodrich</ns6:assignee><ns6:variables/></ns6:task><ns6:task name="SIDO Approval" key="_D2062E4A-7DBC-4B29-97B2-DB50EBB96AE5" bypassable="false"><ns6:description></ns6:description><ns6:assignee>bgoodrich</ns6:assignee><ns6:variables/></ns6:task><ns6:subProcess sub-process-key="AIC14_AddApproval_SIDO" name="SubProcess 1" key="_795CAEF6-5394-44B3-908B-4B8097DEEB8A" bypassable="false"/><ns6:subProcess sub-process-key="AIC14_ApproveRequest_SODO" name="SubProcess 2" key="_9D921F61-AEF4-45C2-8395-57D5703E2FF1" bypassable="false"/></ns6:activities></ns6:option></ns6:decision></ns6:activities><ns6:bypassAssignee>admin</ns6:bypassAssignee></ns6:process>