<?xml version="1.0" encoding="UTF-8" standalone="yes"?><ns6:process xmlns="http://www.omg.org/spec/BPMN/20100524/MODEL" xmlns:ns2="http://www.omg.org/spec/DD/20100524/DI" xmlns:ns3="http://www.omg.org/spec/BPMN/20100524/DI" xmlns:ns4="http://www.omg.org/spec/DD/20100524/DC" xmlns:ns5="http://www.wiredwidgets.org/cow/server/schema/service" xmlns:ns6="http://www.wiredwidgets.org/cow/server/schema/model-v2" xmlns:ns7="http://www.wiredwidgets.org/rem2/schema" name="AIC14_ServiceTaskTest" key="AIC14_ServiceTaskTest" maxId="0"><ns6:activities sequential="true" name="base" key="_B279A60E-F226-4BCA-9DB2-D1CCCB546E22"><ns6:task name="Task 1" key="_0676E74C-D923-4D34-A27D-A3A53E7B0064" bypassable="false"><ns6:description></ns6:description><ns6:assignee>bgoodrich</ns6:assignee><ns6:variables/></ns6:task><ns6:serviceTask name="ServiceTask 2" key="_A1C0C81F-EDAE-4B3C-8B31-557296AE1B52" bypassable="false"><ns6:description></ns6:description><ns6:method>GET</ns6:method><ns6:url>http://scout2.mitre.org:8080/cow-server/whoami</ns6:url><ns6:var>response</ns6:var></ns6:serviceTask></ns6:activities><ns6:bypassAssignee>admin</ns6:bypassAssignee></ns6:process>