<?xml version="1.0" encoding="UTF-8" standalone="yes"?><ns6:process xmlns="http://www.omg.org/spec/BPMN/20100524/MODEL" xmlns:ns2="http://www.omg.org/spec/DD/20100524/DI" xmlns:ns3="http://www.omg.org/spec/BPMN/20100524/DI" xmlns:ns4="http://www.omg.org/spec/DD/20100524/DC" xmlns:ns5="http://www.wiredwidgets.org/cow/server/schema/service" xmlns:ns6="http://www.wiredwidgets.org/cow/server/schema/model-v2" xmlns:ns7="http://www.wiredwidgets.org/rem2/schema" name="AIC14_ServiceTask3" key="AIC14_ServiceTask3" maxId="0"><ns6:activities sequential="true" name="base" key="_4EAF00BC-1284-443B-B198-EBF917449780"><ns6:task name="Task 1" key="_3BF3ABCD-6FEE-4B27-A7A1-3E6A2BC8B13A" bypassable="false"><ns6:description></ns6:description><ns6:assignee>bgoodrich</ns6:assignee><ns6:variables/></ns6:task><ns6:serviceTask name="ServiceTask 2" key="_1886466F-BDE6-4601-9192-116197842311" bypassable="false"><ns6:description></ns6:description><ns6:method>GET</ns6:method><ns6:url>http://mm180386-pc.mitre.org:8081/MissionInformationServiceRestService-war/resource/missions/0d7f5fc2-a2a1-42d4-b3b6-29f736fd5ae0</ns6:url><ns6:var>responsevar1</ns6:var></ns6:serviceTask><ns6:task name="Task 3" key="_D7213FA9-B220-4E50-88A6-B0837028289F" bypassable="false"><ns6:description></ns6:description><ns6:assignee>bgoodrich</ns6:assignee><ns6:variables/></ns6:task></ns6:activities><ns6:bypassAssignee>admin</ns6:bypassAssignee></ns6:process>