<?xml version="1.0" encoding="UTF-8" standalone="yes"?><ns6:process xmlns="http://www.omg.org/spec/BPMN/20100524/MODEL" xmlns:ns2="http://www.omg.org/spec/DD/20100524/DI" xmlns:ns3="http://www.omg.org/spec/BPMN/20100524/DI" xmlns:ns4="http://www.omg.org/spec/DD/20100524/DC" xmlns:ns5="http://www.wiredwidgets.org/cow/server/schema/service" xmlns:ns6="http://www.wiredwidgets.org/cow/server/schema/model-v2" xmlns:ns7="http://www.wiredwidgets.org/rem2/schema" name="AIC14_ServiceTaskTest2" key="AIC14_ServiceTaskTest2" maxId="0"><ns6:activities sequential="true" name="base" key="_67CC0519-415B-41F8-9758-98F21E7ECE34"><ns6:task name="Task 1" key="_ED92AB6D-B82E-49FA-96B5-A658EC18449E" bypassable="false"><ns6:description></ns6:description><ns6:assignee>bgoodrich</ns6:assignee><ns6:variables/></ns6:task><ns6:serviceTask name="ServiceTask 2" key="_30F5EF16-3A9A-4DB9-87CB-F4CF437AF739" bypassable="false"><ns6:description></ns6:description><ns6:method>GET</ns6:method><ns6:url>http://mm180386-pc:8081/HandlingResultRestService-war/resources/handlingresult/d6b046ef-8122-4032-b6a0-1e62ad19338c</ns6:url></ns6:serviceTask></ns6:activities><ns6:bypassAssignee>admin</ns6:bypassAssignee></ns6:process>