<?xml version="1.0" encoding="UTF-8" standalone="yes"?><ns6:process xmlns="http://www.omg.org/spec/BPMN/20100524/MODEL" xmlns:ns2="http://www.omg.org/spec/DD/20100524/DI" xmlns:ns3="http://www.omg.org/spec/BPMN/20100524/DI" xmlns:ns4="http://www.omg.org/spec/DD/20100524/DC" xmlns:ns5="http://www.wiredwidgets.org/cow/server/schema/service" xmlns:ns6="http://www.wiredwidgets.org/cow/server/schema/model-v2" xmlns:ns7="http://www.wiredwidgets.org/rem2/schema" name="AIC14_ISRRequest_C" key="AIC14_ISRRequest_C" maxId="0"><ns6:activities sequential="true" name="base" key="_9367E3BB-F00D-4647-ADDD-7C4BA2C90095"><ns6:task name="Interpret Request" key="_2E9F4DB0-7B84-4B98-90EC-B9195900F3C2" bypassable="false"><ns6:description></ns6:description><ns6:assignee>bgoodrich</ns6:assignee><ns6:variables/></ns6:task></ns6:activities><ns6:bypassAssignee>admin</ns6:bypassAssignee></ns6:process>