<?xml version="1.0" encoding="UTF-8" standalone="yes"?><ns6:process xmlns="http://www.omg.org/spec/BPMN/20100524/MODEL" xmlns:ns2="http://www.omg.org/spec/DD/20100524/DI" xmlns:ns3="http://www.omg.org/spec/BPMN/20100524/DI" xmlns:ns4="http://www.omg.org/spec/DD/20100524/DC" xmlns:ns5="http://www.wiredwidgets.org/cow/server/schema/service" xmlns:ns6="http://www.wiredwidgets.org/cow/server/schema/model-v2" xmlns:ns7="http://www.wiredwidgets.org/rem2/schema" name="AIC14_ISRRequest_LoopTest" key="AIC14_ISRRequest_LoopTest" maxId="0"><ns6:activities sequential="true" name="base" key="_D10401B8-9FEC-477C-BB06-88816E8A1C1D"><ns6:task name="Interpret Request" key="_D2062E4A-7DBC-4B29-97B2-DB50EBB96AE5" bypassable="false"><ns6:description></ns6:description><ns6:assignee>bgoodrich</ns6:assignee><ns6:variables/></ns6:task><ns6:task name="Propose Tasking or Deny" key="_2E9F4DB0-7B84-4B98-90EC-B9195900F3C2" bypassable="false"><ns6:description></ns6:description><ns6:assignee>bgoodrich</ns6:assignee><ns6:variables/></ns6:task><ns6:decision name="Denied" key="_DF58024B-BA9A-453E-9CBF-7E469FFB6400" bypassable="false"><ns6:description></ns6:description><ns6:task name="Denied" key="" bypassable="false"><ns6:description></ns6:description><ns6:assignee>bgoodrich</ns6:assignee><ns6:variables/></ns6:task><ns6:option name="No"><ns6:activities sequential="true" name="Nooption" key="_8F109E16-A719-4DB5-A520-D3A89DB83879" bypassable="false"><ns6:description></ns6:description><ns6:task name="(ServiceTask) Create Required Approvals" key="_B7C451C0-C657-4F7F-B51F-CF0B0CC04E06" bypassable="false"><ns6:description></ns6:description><ns6:assignee>bgoodrich</ns6:assignee><ns6:variables/></ns6:task><ns6:loop doneName="yes" repeatName="no" name="Initiate Approval Workflows" key="_7222B188-6469-4D15-BA31-C66E5A73FFC6" bypassable="false"><ns6:description></ns6:description><ns6:activities sequential="true" name="Initiate Approval Workflowslooped" key="_AFFABD5E-ECAD-4F39-8D04-7135083402C7" bypassable="false"><ns6:description></ns6:description><ns6:subProcess sub-process-key="AIC14_AddApproval_SIDO" name="SubProcess 1" key="_795CAEF6-5394-44B3-908B-4B8097DEEB8A" bypassable="false"/><ns6:task name="Loop Task 1" key="_5D2A471F-AF9E-4F24-B52A-C56670CBBDB3" bypassable="false"><ns6:description></ns6:description><ns6:assignee>bgoodrich</ns6:assignee><ns6:variables/></ns6:task></ns6:activities><ns6:loopTask name="All Approvals Added" key="" bypassable="false"><ns6:description></ns6:description><ns6:candidateGroups>SIDO</ns6:candidateGroups><ns6:variables/></ns6:loopTask></ns6:loop></ns6:activities></ns6:option><ns6:option name="Yes"><ns6:activities sequential="true" name="Yesoption" key="_EAFCB3D8-5C0F-459C-A967-4807917C8F68" bypassable="false"><ns6:description></ns6:description><ns6:exit state="" name="Exit" key="_1DBD83BD-B82D-4947-AF2E-011718E57D3C" bypassable="false"><ns6:description></ns6:description></ns6:exit><ns6:subProcess sub-process-key="AIC14_ApproveRequest_SODO" name="SubProcess 2" key="_9D921F61-AEF4-45C2-8395-57D5703E2FF1" bypassable="false"/><ns6:task name="Task 1" key="_5C8A1333-57AB-4CB2-9C55-C469DA2720A6" bypassable="false"><ns6:description></ns6:description><ns6:assignee>bgoodrich</ns6:assignee><ns6:variables/></ns6:task></ns6:activities></ns6:option></ns6:decision></ns6:activities><ns6:bypassAssignee>admin</ns6:bypassAssignee></ns6:process>