<?xml version="1.0" encoding="UTF-8" standalone="yes"?><ns6:process xmlns="http://www.omg.org/spec/BPMN/20100524/MODEL" xmlns:ns2="http://www.omg.org/spec/DD/20100524/DI" xmlns:ns3="http://www.omg.org/spec/BPMN/20100524/DI" xmlns:ns4="http://www.omg.org/spec/DD/20100524/DC" xmlns:ns5="http://www.wiredwidgets.org/cow/server/schema/service" xmlns:ns6="http://www.wiredwidgets.org/cow/server/schema/model-v2" xmlns:ns7="http://www.wiredwidgets.org/rem2/schema" name="AIC14_ISRRequest_B" key="AIC14_ISRRequest_B" maxId="0"><ns6:activities sequential="true" name="base" key="_8E7211AA-7608-4F45-A0E2-9B0979C53328"><ns6:task name="Interpret Request" key="_2E9F4DB0-7B84-4B98-90EC-B9195900F3C2" bypassable="false"><ns6:description></ns6:description><ns6:assignee>bgoodrich</ns6:assignee><ns6:variables/></ns6:task><ns6:decision name="Propose Tasking" key="_DF58024B-BA9A-453E-9CBF-7E469FFB6400" bypassable="false"><ns6:description></ns6:description><ns6:task name="Propose Tasking?" key="" bypassable="false"><ns6:description></ns6:description><ns6:assignee>bgoodrich</ns6:assignee><ns6:variables/></ns6:task><ns6:option name="Yes"><ns6:activities sequential="true" name="Yesoption" key="_53628E53-EE46-4F2F-AA8B-7BDC8C382435" bypassable="false"><ns6:description></ns6:description><ns6:serviceTask name="Create Required Approvals" key="_2ECD2353-6B98-4D77-A57A-CAE6C76EB135" bypassable="false"><ns6:description></ns6:description><ns6:method>GET</ns6:method><ns6:url>http://mm180386-pc.mitre.org:8081/MissionInformationServiceRestService-war/resource/missions/144d12d2-011b-4d03-a80c-e26c595b9f7b</ns6:url><ns6:var>MissionInformationServiceRet</ns6:var></ns6:serviceTask><ns6:activities sequential="false" name="Initiate Required Approvals" key="_B1D906FA-AA63-409A-A2D3-B2D3B29FC49F" bypassable="false"><ns6:description></ns6:description><ns6:decision name="SODO Approval" key="_B59E1DB9-3CA4-43A4-B248-76C0B0D320D9" bypassable="false"><ns6:description></ns6:description><ns6:task name="(SODO) Approve Request?" key="" bypassable="false"><ns6:description></ns6:description><ns6:assignee>bgoodrich</ns6:assignee><ns6:variables/></ns6:task><ns6:option name="No"><ns6:activities sequential="true" name="Nooption" key="_1984D283-85EE-4EC9-AE11-EFC88ED4AAEE" bypassable="false"><ns6:description></ns6:description><ns6:exit state="Approval Denied by SODO" name="Exit" key="_F1A66EF9-32B4-42EA-B8C5-B44B9B46466E" bypassable="false"><ns6:description></ns6:description></ns6:exit></ns6:activities></ns6:option><ns6:option name="Yes"><ns6:activities sequential="true" name="Yesoption" key="_5A902192-C779-45CD-8CFF-572DB288EA09" bypassable="false"><ns6:description></ns6:description><ns6:task name="Approved by SODO" key="_0ED698C1-9F20-4A84-A556-25D121D9F6A1" bypassable="false"><ns6:description></ns6:description><ns6:assignee>bgoodrich</ns6:assignee><ns6:variables/></ns6:task><ns6:task name="Task 2" key="_B75D42BE-FB42-4199-8529-ACD1D1A8693F" bypassable="false"><ns6:description></ns6:description><ns6:assignee>bgoodrich</ns6:assignee><ns6:variables/></ns6:task></ns6:activities></ns6:option><ns6:option name="Y"><ns6:activities sequential="true" name="Yoption" key="_BA5A606C-4E1F-4EE0-B7E7-99064FC55249" bypassable="false"><ns6:description></ns6:description><ns6:task name="Task 3" key="_E9BB78A4-C663-44F6-86AD-5568A9766247" bypassable="false"><ns6:description></ns6:description><ns6:assignee>bgoodrich</ns6:assignee><ns6:variables/></ns6:task></ns6:activities></ns6:option></ns6:decision></ns6:activities><ns6:decision name="Check Approvals" key="_5E70570E-EA43-42F3-BA4E-01E425F41C45" bypassable="false"><ns6:description></ns6:description><ns6:task name="Did all required parties approve the request?" key="" bypassable="false"><ns6:description></ns6:description><ns6:assignee>bgoodrich</ns6:assignee><ns6:variables/></ns6:task><ns6:option name="Yes"><ns6:activities sequential="true" name="Yesoption" key="_5B139424-6E24-4985-B6AD-C56618C6EF6F" bypassable="false"><ns6:description></ns6:description><ns6:task name="Enact Proposed Tasking" key="_7F6609AD-6219-4674-BFF5-13C9F1AF7976" bypassable="false"><ns6:description></ns6:description><ns6:assignee>bgoodrich</ns6:assignee><ns6:variables/></ns6:task></ns6:activities></ns6:option><ns6:option name="No"><ns6:activities sequential="true" name="Nooption" key="_BA1092A9-AF4C-4B93-B8A3-1D3D5DAE29FF" bypassable="false"><ns6:description></ns6:description><ns6:exit state="Approval Denied" name="Exit" key="_5D6320EC-3EEF-455A-895F-AFAC51034FB7" bypassable="false"><ns6:description></ns6:description></ns6:exit></ns6:activities></ns6:option></ns6:decision></ns6:activities></ns6:option><ns6:option name="No"><ns6:activities sequential="true" name="Nooption" key="_57460BA8-8CEB-48DA-B564-E0FA15F936EA" bypassable="false"><ns6:description></ns6:description><ns6:exit state="Tasking Proposal Denied" name="Exit" key="_1DBD83BD-B82D-4947-AF2E-011718E57D3C" bypassable="false"><ns6:description></ns6:description></ns6:exit><ns6:task name="Task 1" key="_D518105A-CDCC-4F2B-9830-ADAD67631BF0" bypassable="false"><ns6:description></ns6:description><ns6:assignee>bgoodrich</ns6:assignee><ns6:variables/></ns6:task><ns6:task name="Task 10" key="_DE5633CB-59D2-4D2D-917F-A2AA022E86EE" bypassable="false"><ns6:description></ns6:description><ns6:assignee>bgoodrich</ns6:assignee><ns6:variables/></ns6:task><ns6:task name="(ServiceTask) Create Required Approvals" key="_B7C451C0-C657-4F7F-B51F-CF0B0CC04E06" bypassable="false"><ns6:description></ns6:description><ns6:assignee>bgoodrich</ns6:assignee><ns6:variables/></ns6:task><ns6:task name="SODO" key="_D2062E4A-7DBC-4B29-97B2-DB50EBB96AE5" bypassable="false"><ns6:description></ns6:description><ns6:assignee>bgoodrich</ns6:assignee><ns6:variables/></ns6:task><ns6:subProcess sub-process-key="AIC14_AddApproval_SIDO" name="SubProcess 1" key="_795CAEF6-5394-44B3-908B-4B8097DEEB8A" bypassable="false"/><ns6:subProcess sub-process-key="AIC14_ApproveRequest_SODO" name="SubProcess 2" key="_9D921F61-AEF4-45C2-8395-57D5703E2FF1" bypassable="false"/><ns6:signal signalId="" name="Signal 1" key="_E5331CA6-3972-4940-853C-44F31989BC5E" bypassable="false"><ns6:description></ns6:description></ns6:signal></ns6:activities></ns6:option></ns6:decision></ns6:activities><ns6:bypassAssignee>admin</ns6:bypassAssignee></ns6:process>