<?xml version="1.0" encoding="UTF-8" standalone="yes"?><ns6:process xmlns="http://www.omg.org/spec/BPMN/20100524/MODEL" xmlns:ns2="http://www.omg.org/spec/DD/20100524/DI" xmlns:ns3="http://www.omg.org/spec/BPMN/20100524/DI" xmlns:ns4="http://www.omg.org/spec/DD/20100524/DC" xmlns:ns5="http://www.wiredwidgets.org/cow/server/schema/service" xmlns:ns6="http://www.wiredwidgets.org/cow/server/schema/model-v2" xmlns:ns7="http://www.wiredwidgets.org/rem2/schema" name="AIC14_AddApproval_SIDO" key="AIC14_AddApproval_SIDO" maxId="0"><ns6:activities sequential="true" name="base" key="_7ECAD78E-0F58-4A10-A065-F4521D121BBA"><ns6:task name="Approve Request (SIDO)" key="_BC403F44-3455-43DC-ABBE-A7FCF9927AA4" bypassable="false"><ns6:description></ns6:description><ns6:assignee>bgoodrich</ns6:assignee><ns6:variables/></ns6:task><ns6:exit state="" name="Exit" key="_6775EEE1-51F4-413D-9F3E-0A19AF49F0DF" bypassable="false"><ns6:description></ns6:description></ns6:exit></ns6:activities><ns6:bypassAssignee>admin</ns6:bypassAssignee></ns6:process>