<?xml version="1.0" encoding="UTF-8" standalone="yes"?><ns6:process xmlns="http://www.omg.org/spec/BPMN/20100524/MODEL" xmlns:ns2="http://www.omg.org/spec/DD/20100524/DI" xmlns:ns3="http://www.omg.org/spec/BPMN/20100524/DI" xmlns:ns4="http://www.omg.org/spec/DD/20100524/DC" xmlns:ns5="http://www.wiredwidgets.org/cow/server/schema/service" xmlns:ns6="http://www.wiredwidgets.org/cow/server/schema/model-v2" xmlns:ns7="http://www.wiredwidgets.org/rem2/schema" name="AIC14_A" key="AIC14_A" maxId="0"><ns6:activities sequential="true" name="base" key="_CDB37AE8-57C8-4527-9C4E-173F8CCAFAB9"><ns6:task name="Interpret Request" key="_74D1A89F-CA11-4A96-A9EA-44A84E3E96C8" bypassable="false"><ns6:description></ns6:description><ns6:assignee>bgoodrich</ns6:assignee><ns6:variables><ns6:variable name="IDEAMNoun" value="org.mitre.c2is.entity.request.GenericRequest"/><ns6:variable name="IDEAMNounAttributeName" value="RequestType"/><ns6:variable name="IDEAMNounAttributeValue" value="{http://metadata.dod.mil/mdr/ns/aocoi/2.0/airrequest/}EightLineISRRequestDetails"/><ns6:variable name="IDEAMVerb" value="Interpret"/><ns6:variable name="CompletionEventType" value="{http://metadata.dod.mil/mdr/ns/aocoi/2.0/handlingresult/}HandlingResult"/><ns6:variable name="CompletionSubEventType" value="InterpretedValues"/></ns6:variables></ns6:task><ns6:task name="Propose or Deny Tasking" key="_CBFA0202-3524-49D7-B52C-165B87C9399A" bypassable="false"><ns6:description></ns6:description><ns6:assignee>bgoodrich</ns6:assignee><ns6:variables/></ns6:task><ns6:serviceTask name="Create Required Approvals" key="_21BA4C7E-7AEB-4BDF-B0C8-A392200558C0" bypassable="false"><ns6:description></ns6:description><ns6:method>GET</ns6:method><ns6:url>http://mm180386-pc.mitre.org:8081/MissionInformationServiceRestService-war/resource/missions/144d12d2-011b-4d03-a80c-e26c595b9f7b</ns6:url><ns6:var>CreateRequiredApprovalsResponseXML</ns6:var></ns6:serviceTask><ns6:activities sequential="false" name="Initiate Required Approval Taskings" key="_8A7F4CD1-95BA-46A0-A8A7-9196E2EC5C04" bypassable="false"><ns6:description></ns6:description><ns6:task name="SODO Approval" key="_4F0C8EA1-E13F-4957-AC28-EE6C426703BF" bypassable="false"><ns6:description></ns6:description><ns6:assignee>bgoodrich</ns6:assignee><ns6:variables><ns6:variable name="IDEAMNoun" value="org.mitre.c2is.entity.request.GenericRequest"/><ns6:variable name="IDEAMVerb" value="Approve Tasking"/><ns6:variable name="CompletionEventType" value="{http://metadata.dod.mil/mdr/ns/aocoi/2.0/handlingresult/}HandlingResult"/><ns6:variable name="CompletionSubEventType" value="ApprovalOrDenial"/><ns6:variable name="CompletionSubEventAttribute" value="handlingResultReference.role == 'SODO'"/></ns6:variables></ns6:task><ns6:task name="SIDO Approval" key="_FC96AFA9-CBBD-4465-BC7E-2931802B2184" bypassable="false"><ns6:description></ns6:description><ns6:assignee>bgoodrich</ns6:assignee><ns6:variables><ns6:variable name="IDEAMNoun" value="org.mitre.c2is.entity.request.GenericRequest"/><ns6:variable name="IDEAMVerb" value="Approve Tasking"/><ns6:variable name="CompletionEventType" value="{http://metadata.dod.mil/mdr/ns/aocoi/2.0/handlingresult/}HandlingResult"/><ns6:variable name="CompletionEventSubType" value="ApprovalOrDenial"/><ns6:variable name="CompletionSubEventAttribute" value="handlingResultReference.role == 'SIDO'"/><ns6:variable name="CompletionSubEventType" value="ApprovalOrDenial"/></ns6:variables></ns6:task></ns6:activities><ns6:task name="Enact Proposed Tasking" key="_403FC8BB-C851-432B-82AB-A76D3E4C178C" bypassable="false"><ns6:description></ns6:description><ns6:assignee>bgoodrich</ns6:assignee><ns6:variables/></ns6:task><ns6:exit state="" name="Exit" key="_C91B29FA-04E0-4B62-B26A-0F12F6BB2D41" bypassable="false"><ns6:description></ns6:description></ns6:exit></ns6:activities><ns6:bypassAssignee>admin</ns6:bypassAssignee></ns6:process>