<?xml version="1.0" encoding="UTF-8" standalone="yes"?><ns6:process xmlns="http://www.omg.org/spec/BPMN/20100524/MODEL" xmlns:ns2="http://www.omg.org/spec/DD/20100524/DI" xmlns:ns3="http://www.omg.org/spec/BPMN/20100524/DI" xmlns:ns4="http://www.omg.org/spec/DD/20100524/DC" xmlns:ns5="http://www.wiredwidgets.org/cow/server/schema/service" xmlns:ns6="http://www.wiredwidgets.org/cow/server/schema/model-v2" xmlns:ns7="http://www.wiredwidgets.org/rem2/schema" name="APTest_ISRRequest" key="APTest_ISRRequest" maxId="0"><ns6:activities sequential="true" name="base" key="_F0C0CB2B-42C6-4115-BA6D-9D42663FEE3D"><ns6:task name="Interpret Request" key="_D0110A5A-1BA8-45F4-8EA7-49A2951E218D" bypassable="false"><ns6:description></ns6:description><ns6:assignee>bgoodrich</ns6:assignee><ns6:variables/></ns6:task><ns6:task name="Re-Interpret Request" key="_02D2CE01-A324-4FCF-9885-FF488AB13C92" bypassable="false"><ns6:description></ns6:description><ns6:assignee>bgoodrich</ns6:assignee><ns6:variables/></ns6:task><ns6:decision name="Propose or Deny Request" key="_7AB21862-50B8-40F4-AB93-1480C3F45EA2" bypassable="false"><ns6:description></ns6:description><ns6:task name="Propose Tasking or Deny Tasking" key="" bypassable="false"><ns6:description></ns6:description><ns6:candidateGroups>SIDO</ns6:candidateGroups><ns6:variables/></ns6:task><ns6:option name="Approved"><ns6:activities sequential="true" name="Approvedoption" key="_BA55023D-8525-4A00-BE81-4411D8C3F1FA" bypassable="false"><ns6:description></ns6:description><ns6:task name="Deconflict Airspace" key="_E20E8C0C-75D3-45C8-BC11-3F6BCE91CC12" bypassable="false"><ns6:description></ns6:description><ns6:assignee>bgoodrich</ns6:assignee><ns6:variables/></ns6:task><ns6:task name="SIDO Approval" key="_66942553-C43F-4FAA-8695-6BF8BA01F418" bypassable="false"><ns6:description></ns6:description><ns6:assignee>bgoodrich</ns6:assignee><ns6:variables/></ns6:task><ns6:task name="All Approved" key="_77BD113A-56F1-49E2-9BF9-A5982B082AFC" bypassable="false"><ns6:description></ns6:description><ns6:assignee>bgoodrich</ns6:assignee><ns6:variables/></ns6:task><ns6:task name="Enact Proposed Tasking" key="_F40BEC1B-6E2F-4AE8-9973-DA29773C148F" bypassable="false"><ns6:description></ns6:description><ns6:assignee>bgoodrich</ns6:assignee><ns6:variables/></ns6:task></ns6:activities></ns6:option></ns6:decision></ns6:activities><ns6:bypassAssignee>admin</ns6:bypassAssignee></ns6:process>