<?xml version="1.0" encoding="UTF-8" standalone="yes"?><ns6:process xmlns="http://www.omg.org/spec/BPMN/20100524/MODEL" xmlns:ns2="http://www.omg.org/spec/DD/20100524/DI" xmlns:ns3="http://www.omg.org/spec/BPMN/20100524/DI" xmlns:ns4="http://www.omg.org/spec/DD/20100524/DC" xmlns:ns5="http://www.wiredwidgets.org/cow/server/schema/service" xmlns:ns6="http://www.wiredwidgets.org/cow/server/schema/model-v2" xmlns:ns7="http://www.wiredwidgets.org/rem2/schema" name="BrianTest4" key="BrianTest4" maxId="10"><ns6:activities sequential="true" name="base" key="_162A103F-ACE9-430D-8EAE-C7A625D76020"><ns6:task name="Task 1" key="_933F208F-4023-4367-8279-FF4DD61B630B" bypassable="false"><ns6:description>Lorem ipsum dolor sit amet, consectetur adipiscing elit. Aliquam vehicula semper mi, vel facilisis sapien laoreet vel. Phasellus ligula erat, condimentum sed risus sit amet, posuere porta sem. Nulla condimentum turpis diam, vitae viverra urna varius iaculis. Phasellus ut faucibus turpis. In porttitor porta ligula, et feugiat nunc cursus eu. Nullam dictum risus est. Vivamus imperdiet lacinia magna rutrum tincidunt. Nullam vitae pulvinar ipsum. </ns6:description><ns6:assignee>bdoyle</ns6:assignee><ns6:variables><ns6:variable name="Additional Info 1" value="addtional info"/></ns6:variables></ns6:task><ns6:task name="Task 2" key="_4731104B-256D-426A-9A28-BAA5E698723D" bypassable="false"><ns6:description>Lorem ipsum dolor sit amet, consectetur adipiscing elit. Aliquam vehicula semper mi, vel facilisis sapien laoreet vel. Phasellus ligula erat, condimentum sed risus sit amet, posuere porta sem. Nulla condimentum turpis diam, vitae viverra urna varius iaculis.</ns6:description><ns6:assignee>bdoyle</ns6:assignee><ns6:variables><ns6:variable name="Additional Info 1" value="add1"/></ns6:variables></ns6:task><ns6:activities sequential="true" name="List 2" key="_E26411D1-6B94-4950-9E5F-9AEBF868044A" bypassable="false"><ns6:description></ns6:description><ns6:task name="Task 3" key="_799B1F1F-1A21-4530-9186-B84CA414483B" bypassable="false"><ns6:description></ns6:description><ns6:assignee>bdoyle</ns6:assignee><ns6:variables/></ns6:task></ns6:activities><ns6:decision name="Decision 4" key="_0A9C213A-A589-45F6-BA71-5703A3CD02BE" bypassable="false"><ns6:description></ns6:description><ns6:task name="Are you having fun yet?" key="" bypassable="false"><ns6:description></ns6:description><ns6:assignee>bdoyle</ns6:assignee><ns6:variables/></ns6:task><ns6:option name="Option 6"><ns6:activities sequential="true" name="Option 6option" key="_40B93736-4979-4D50-9061-FB76E23F33DC" bypassable="false"><ns6:description></ns6:description><ns6:task name="Task 5" key="_0CF60D6F-6575-4951-9B0A-A0BF09D49EEC" bypassable="false"><ns6:description></ns6:description><ns6:assignee>bdoyle</ns6:assignee><ns6:variables/></ns6:task></ns6:activities></ns6:option><ns6:option name="Option 8"><ns6:activities sequential="true" name="Option 8option" key="_193EC8BD-845A-4EEF-AF1F-482507D3DE87" bypassable="false"><ns6:description></ns6:description><ns6:activities sequential="true" name="List 7" key="_37FD8EDB-4C63-4AFA-8BE0-D85542CAD476" bypassable="false"><ns6:description></ns6:description><ns6:task name="Task 10" key="_48E0E9A9-615E-4AC0-A2DC-D26EAA10A04B" bypassable="false"><ns6:description></ns6:description><ns6:assignee>bdoyle</ns6:assignee><ns6:variables/></ns6:task></ns6:activities></ns6:activities></ns6:option></ns6:decision><ns6:task name="Task 9" key="_23EB046C-8058-42A2-A510-567B89F73EBF" bypassable="false"><ns6:description></ns6:description><ns6:assignee>bdoyle</ns6:assignee><ns6:variables/></ns6:task></ns6:activities><ns6:bypassAssignee>admin</ns6:bypassAssignee></ns6:process>