<?xml version="1.0" encoding="UTF-8" standalone="yes"?><ns6:process xmlns="http://www.omg.org/spec/BPMN/20100524/MODEL" xmlns:ns2="http://www.omg.org/spec/DD/20100524/DI" xmlns:ns3="http://www.omg.org/spec/BPMN/20100524/DI" xmlns:ns4="http://www.omg.org/spec/DD/20100524/DC" xmlns:ns5="http://www.wiredwidgets.org/cow/server/schema/service" xmlns:ns6="http://www.wiredwidgets.org/cow/server/schema/model-v2" xmlns:ns7="http://www.wiredwidgets.org/rem2/schema" name="BrianTest3" key="BrianTest3" maxId="0"><ns6:activities sequential="true" name="base" key="_F49E31B0-40FB-442D-AC6F-88688C5E6167"><ns6:task name="Task 1" key="_7C891790-A3EC-42A1-B992-7086EDF07A48" bypassable="false"><ns6:description></ns6:description><ns6:assignee>bdoyle</ns6:assignee><ns6:variables><ns6:variable name="Additional Info 1" value="https://localhost:8443/owf/"/></ns6:variables></ns6:task><ns6:task name="Task 2" key="_2CFF8E91-7AB1-4711-95AF-F0389259C200" bypassable="false"><ns6:description></ns6:description><ns6:assignee>bdoyle</ns6:assignee><ns6:variables><ns6:variable name="Additional Info 1" value="https://localhost:8443/owf/"/></ns6:variables></ns6:task><ns6:activities sequential="true" name="List 3" key="_1251691D-135B-41D1-89AE-3A7BB4AE79BB" bypassable="false"><ns6:description></ns6:description><ns6:task name="Task 4" key="_99492070-06EA-4F85-94FA-55EA045FE7ED" bypassable="false"><ns6:description></ns6:description><ns6:assignee>bdoyle</ns6:assignee><ns6:variables><ns6:variable name="Additional Info 1" value="http://localhost:8443/owf"/></ns6:variables></ns6:task><ns6:task name="Task 5" key="_3E42951F-91A9-444E-9839-AD96B8BB14D7" bypassable="false"><ns6:description></ns6:description><ns6:assignee>bdoyle</ns6:assignee><ns6:variables/></ns6:task><ns6:task name="Task 6" key="_34668AFD-282B-4D5A-868B-F442303A269D" bypassable="false"><ns6:description></ns6:description><ns6:assignee>bdoyle</ns6:assignee><ns6:variables/></ns6:task></ns6:activities></ns6:activities><ns6:bypassAssignee>admin</ns6:bypassAssignee></ns6:process>