<?xml version="1.0" encoding="UTF-8" standalone="yes"?><ns6:process xmlns="http://www.omg.org/spec/BPMN/20100524/MODEL" xmlns:ns2="http://www.omg.org/spec/DD/20100524/DI" xmlns:ns3="http://www.omg.org/spec/BPMN/20100524/DI" xmlns:ns4="http://www.omg.org/spec/DD/20100524/DC" xmlns:ns5="http://www.wiredwidgets.org/cow/server/schema/service" xmlns:ns6="http://www.wiredwidgets.org/cow/server/schema/model-v2" xmlns:ns7="http://www.wiredwidgets.org/rem2/schema" name="BrianTest" key="BrianTest" maxId="10"><ns6:activities sequential="true" name="base" key="_5E8B6725-A234-44A1-B9B6-DA2C73A628CB"><ns6:task name="Task 1" key="_933F208F-4023-4367-8279-FF4DD61B630B" bypassable="false"><ns6:description></ns6:description><ns6:assignee>bdoyle</ns6:assignee><ns6:variables><ns6:variable name="Additional Info 1" value="https://localhost:8443/owf/"/></ns6:variables></ns6:task><ns6:activities sequential="true" name="List 2" key="_E26411D1-6B94-4950-9E5F-9AEBF868044A" bypassable="false"><ns6:description></ns6:description><ns6:task name="Task 3" key="_799B1F1F-1A21-4530-9186-B84CA414483B" bypassable="false"><ns6:description></ns6:description><ns6:assignee>bdoyle</ns6:assignee><ns6:variables><ns6:variable name="Additional Info 1" value="https://localhost:8443/owf/"/></ns6:variables></ns6:task></ns6:activities><ns6:decision name="Decision 4" key="_0A9C213A-A589-45F6-BA71-5703A3CD02BE" bypassable="false"><ns6:description></ns6:description><ns6:task name="Are you having fun yet?" key="" bypassable="false"><ns6:description></ns6:description><ns6:assignee>bdoyle</ns6:assignee><ns6:variables/></ns6:task><ns6:option name="Option 6"><ns6:activities sequential="true" name="Option 6option" key="_3E658603-6315-425C-B60C-A5C95673BFB0" bypassable="false"><ns6:description></ns6:description><ns6:task name="Task 5" key="_0CF60D6F-6575-4951-9B0A-A0BF09D49EEC" bypassable="false"><ns6:description></ns6:description><ns6:assignee>bdoyle</ns6:assignee><ns6:variables><ns6:variable name="Additional Info 1" value="https://localhost:8443/owf/"/></ns6:variables></ns6:task></ns6:activities></ns6:option><ns6:option name="Option 8"><ns6:activities sequential="true" name="Option 8option" key="_AABE7C6D-D6D7-49A4-96F1-221490A277AC" bypassable="false"><ns6:description></ns6:description><ns6:activities sequential="true" name="List 7" key="_37FD8EDB-4C63-4AFA-8BE0-D85542CAD476" bypassable="false"><ns6:description></ns6:description><ns6:task name="Task 10" key="_48E0E9A9-615E-4AC0-A2DC-D26EAA10A04B" bypassable="false"><ns6:description></ns6:description><ns6:assignee>bdoyle</ns6:assignee><ns6:variables/></ns6:task></ns6:activities></ns6:activities></ns6:option></ns6:decision><ns6:task name="Task 9" key="_23EB046C-8058-42A2-A510-567B89F73EBF" bypassable="false"><ns6:description></ns6:description><ns6:assignee>bdoyle</ns6:assignee><ns6:variables/></ns6:task></ns6:activities><ns6:bypassAssignee>admin</ns6:bypassAssignee></ns6:process>