<?xml version="1.0" encoding="UTF-8" standalone="yes"?><ns6:process xmlns="http://www.omg.org/spec/BPMN/20100524/MODEL" xmlns:ns2="http://www.omg.org/spec/DD/20100524/DI" xmlns:ns3="http://www.omg.org/spec/BPMN/20100524/DI" xmlns:ns4="http://www.omg.org/spec/DD/20100524/DC" xmlns:ns5="http://www.wiredwidgets.org/cow/server/schema/service" xmlns:ns6="http://www.wiredwidgets.org/cow/server/schema/model-v2" xmlns:ns7="http://www.wiredwidgets.org/rem2/schema" name="BrianWorkflowTest" key="BrianWorkflowTest" maxId="0"><ns6:activities sequential="true" name="base" key="_7B69F7D8-E306-4794-A887-5191684A1C34"><ns6:task name="Brian - Task 1" key="_170EEE30-0E3E-488E-84A8-94D78D8F564A" bypassable="false"><ns6:description>test</ns6:description><ns6:assignee>bdoyle</ns6:assignee><ns6:variables/></ns6:task></ns6:activities><ns6:bypassAssignee>admin</ns6:bypassAssignee></ns6:process>