<?xml version="1.0" encoding="UTF-8" standalone="yes"?><ns6:process xmlns="http://www.omg.org/spec/BPMN/20100524/MODEL" xmlns:ns2="http://www.omg.org/spec/DD/20100524/DI" xmlns:ns3="http://www.omg.org/spec/BPMN/20100524/DI" xmlns:ns4="http://www.omg.org/spec/DD/20100524/DC" xmlns:ns5="http://www.wiredwidgets.org/cow/server/schema/service" xmlns:ns6="http://www.wiredwidgets.org/cow/server/schema/model-v2" xmlns:ns7="http://www.wiredwidgets.org/rem2/schema" name="BrianTest2" key="BrianTest2" maxId="0"><ns6:activities sequential="true" name="base" key="_6AE8BAC8-699F-416D-BC38-F406199576E1"><ns6:task name="Task 1" key="_1EEBE99A-059A-4DDE-9E08-1A78D953FB04" bypassable="false"><ns6:description></ns6:description><ns6:candidateGroups>beta</ns6:candidateGroups><ns6:variables><ns6:variable name="Additional Info 1" value="https://localhost:8443/owf/"/></ns6:variables></ns6:task><ns6:task name="Task 2" key="_2E0C9003-2FC5-4911-B500-1D8C86FF8E86" bypassable="false"><ns6:description></ns6:description><ns6:assignee>bdoyle</ns6:assignee><ns6:variables><ns6:variable name="Additional Info 1" value="https://localhost:8443/owf"/></ns6:variables></ns6:task><ns6:decision name="Decision 3" key="_9AAD7450-C2A8-405A-B012-0FB9FBF09E68" bypassable="false"><ns6:description></ns6:description><ns6:task name="What is it?" key="" bypassable="false"><ns6:description></ns6:description><ns6:assignee>bdoyle</ns6:assignee><ns6:variables/></ns6:task><ns6:option name="Option 5"><ns6:activities sequential="true" name="Option 5option" key="_3D88BEED-E7C2-4555-9FED-8C233662CDCE" bypassable="false"><ns6:description></ns6:description><ns6:task name="Task 4" key="_96788ADF-A13E-42C3-AB84-020D98684896" bypassable="false"><ns6:description></ns6:description><ns6:assignee>bdoyle</ns6:assignee><ns6:variables/></ns6:task></ns6:activities></ns6:option><ns6:option name="Option 7"><ns6:activities sequential="true" name="Option 7option" key="_B0176256-06B0-40DE-ADD2-681BA5DE05F3" bypassable="false"><ns6:description></ns6:description><ns6:task name="Task 6" key="_BBD3DA46-EE85-411B-9FF8-66BF00706FD3" bypassable="false"><ns6:description></ns6:description><ns6:assignee>bdoyle</ns6:assignee><ns6:variables/></ns6:task></ns6:activities></ns6:option></ns6:decision></ns6:activities><ns6:bypassAssignee>admin</ns6:bypassAssignee></ns6:process>