<?xml version="1.0" encoding="UTF-8" standalone="yes"?><ns6:process xmlns="http://www.omg.org/spec/BPMN/20100524/MODEL" xmlns:ns2="http://www.omg.org/spec/DD/20100524/DI" xmlns:ns3="http://www.omg.org/spec/BPMN/20100524/DI" xmlns:ns4="http://www.omg.org/spec/DD/20100524/DC" xmlns:ns5="http://www.wiredwidgets.org/cow/server/schema/service" xmlns:ns6="http://www.wiredwidgets.org/cow/server/schema/model-v2" xmlns:ns7="http://www.wiredwidgets.org/rem2/schema" name="ChaseTest_AIC14_SCOWTasks_CompleteTest" key="ChaseTest_AIC14_SCOWTasks_CompleteTest" maxId="0"><ns6:activities sequential="true" name="base" key="_FF3F8D23-5B10-41BE-90C2-B7497A9A9B6C"><ns6:task name="ChaseTest Task 1" key="_3D299AE4-4EE0-4EEA-AD0B-52728D9795E2" bypassable="false"><ns6:description>Lorem ipsum dolor sit amet</ns6:description><ns6:assignee></ns6:assignee><ns6:candidateUsers>bgoodrich</ns6:candidateUsers><ns6:candidateGroups>SIDO</ns6:candidateGroups><ns6:variables/></ns6:task><ns6:task name="ChaseTest Task 2" key="_0BEA2558-4772-45B9-9DE6-4376DF5CE74B" bypassable="false"><ns6:description>Lorem ipsum dolor sit amet</ns6:description><ns6:assignee></ns6:assignee><ns6:candidateUsers>bgoodrich</ns6:candidateUsers><ns6:candidateGroups>SIDO</ns6:candidateGroups><ns6:variables/></ns6:task><ns6:task name="ChaseTest Task 3" key="_F2F219B1-4F86-40DA-8DE8-A0E43BAB2DC4" bypassable="false"><ns6:description>Lorem ipsum dolor sit amet</ns6:description><ns6:assignee></ns6:assignee><ns6:candidateUsers>bgoodrich</ns6:candidateUsers><ns6:candidateGroups>SIDO</ns6:candidateGroups><ns6:variables/></ns6:task><ns6:task name="ChaseTest Task 4" key="_89D45AB5-6EFD-4F87-9022-649F6871BDCC" bypassable="false"><ns6:description>Lorem ipsum dolor sit amet</ns6:description><ns6:assignee>bgoodrich</ns6:assignee><ns6:candidateUsers>bgoodrich</ns6:candidateUsers><ns6:candidateGroups>SIDO</ns6:candidateGroups><ns6:variables/></ns6:task></ns6:activities><ns6:variables/><ns6:bypassAssignee>admin</ns6:bypassAssignee></ns6:process>