<?xml version="1.0" encoding="UTF-8" standalone="yes"?><ns6:process xmlns="http://www.omg.org/spec/BPMN/20100524/MODEL" xmlns:ns2="http://www.omg.org/spec/DD/20100524/DI" xmlns:ns3="http://www.omg.org/spec/BPMN/20100524/DI" xmlns:ns4="http://www.omg.org/spec/DD/20100524/DC" xmlns:ns5="http://www.wiredwidgets.org/cow/server/schema/service" xmlns:ns6="http://www.wiredwidgets.org/cow/server/schema/model-v2" xmlns:ns7="http://www.wiredwidgets.org/rem2/schema" name="ChaseTest_decisionTask" key="ChaseTest_decisionTask" maxId="0"><ns6:activities sequential="true" name="base" key="_703336BB-F568-4F26-BF03-74531B1B0002"><ns6:decision name="ChaseTest_Decision" key="_9869303D-0583-4B2F-B710-A6C72FA3B60C" bypassable="false"><ns6:description></ns6:description><ns6:task name="Yes or No?" key="" bypassable="false"><ns6:description></ns6:description><ns6:candidateGroups>SIDO</ns6:candidateGroups><ns6:variables/></ns6:task><ns6:option name="Option 6"><ns6:activities sequential="true" name="Option 6option" key="_7C00EA82-E319-4B79-B64B-7C018F87AFD2" bypassable="false"><ns6:description></ns6:description><ns6:task name="ChaseTesT_YesTask1" key="_3465B114-CD0A-4949-AE78-E50EDF0C91AE" bypassable="false"><ns6:description></ns6:description><ns6:assignee>bgoodrich</ns6:assignee><ns6:variables/></ns6:task></ns6:activities></ns6:option><ns6:option name="Option 5"><ns6:activities sequential="true" name="Option 5option" key="_77324027-82C9-482E-B9B2-9F04F6E3731D" bypassable="false"><ns6:description></ns6:description><ns6:task name="NoTask2" key="_6C132D88-847D-47E3-BE60-38D32537E468" bypassable="false"><ns6:description></ns6:description><ns6:assignee>bgoodrich</ns6:assignee><ns6:variables/></ns6:task></ns6:activities></ns6:option></ns6:decision><ns6:activities sequential="true" name="ChaseTest_List 2" key="_B720391A-617B-4EE2-8106-1E7146B972BF" bypassable="false"><ns6:description></ns6:description><ns6:task name="Task 7" key="_E40A0CB2-D1CD-4B54-9392-34BD58ED3CBB" bypassable="false"><ns6:description></ns6:description><ns6:assignee>bgoodrich</ns6:assignee><ns6:variables/></ns6:task></ns6:activities></ns6:activities><ns6:bypassAssignee>admin</ns6:bypassAssignee></ns6:process>