<?xml version="1.0" encoding="UTF-8" standalone="yes"?><ns6:process xmlns="http://www.omg.org/spec/BPMN/20100524/MODEL" xmlns:ns2="http://www.omg.org/spec/DD/20100524/DI" xmlns:ns3="http://www.omg.org/spec/BPMN/20100524/DI" xmlns:ns4="http://www.omg.org/spec/DD/20100524/DC" xmlns:ns5="http://www.wiredwidgets.org/cow/server/schema/service" xmlns:ns6="http://www.wiredwidgets.org/cow/server/schema/model-v2" xmlns:ns7="http://www.wiredwidgets.org/rem2/schema" name="chiclet-tester" key="chiclet-tester" maxId="0"><ns6:activities sequential="true" name="base" key="_08860010-159D-4C9F-BCA4-8E770B9F38F8"><ns6:task name="Task 1.0" key="_087CC966-63B9-4B80-8C98-CB205FB75A7B" bypassable="false"><ns6:description></ns6:description><ns6:assignee>mhowansky</ns6:assignee><ns6:variables/></ns6:task><ns6:decision name="Decision 8" key="_3752C623-D373-404B-BF1A-A8C16700CFAC" bypassable="false"><ns6:description></ns6:description><ns6:task name="?" key="_3" bypassable="false"><ns6:description></ns6:description><ns6:assignee>Administrator</ns6:assignee><ns6:variables/></ns6:task><ns6:option name="Option 10"><ns6:activities sequential="true" name="Option 10option" key="_CAC86C3B-FB2E-409D-B43C-A1EB0BF33945" bypassable="false"><ns6:description></ns6:description><ns6:decision name="Decision 9" key="_DE9879D7-299E-4266-B766-5B273F25F9AC" bypassable="false"><ns6:description></ns6:description><ns6:task name="?" key="_6" bypassable="false"><ns6:description></ns6:description><ns6:assignee>Administrator</ns6:assignee><ns6:variables/></ns6:task><ns6:option name="Option 14"><ns6:activities sequential="true" name="Option 14option" key="_0486383D-CE48-4009-B8AD-E00D74FF6C9A" bypassable="false"><ns6:description></ns6:description><ns6:task name="Task 13" key="_47723F2B-97D4-4BC8-B885-E129818E8900" bypassable="false"><ns6:description></ns6:description><ns6:assignee>fitzpatrick</ns6:assignee><ns6:variables/></ns6:task></ns6:activities></ns6:option><ns6:option name="Option 16"><ns6:activities sequential="true" name="Option 16option" key="_3FF56D3C-A44B-4ACD-BECA-C856F9227AEE" bypassable="false"><ns6:description></ns6:description><ns6:task name="Task 15" key="_476B35B7-3215-4369-9BD6-9C4FDD3C0A4D" bypassable="false"><ns6:description></ns6:description><ns6:assignee>prema</ns6:assignee><ns6:variables/></ns6:task></ns6:activities></ns6:option></ns6:decision></ns6:activities></ns6:option><ns6:option name="Option 12"><ns6:activities sequential="true" name="Option 12option" key="_C3FBBA93-A155-459B-9D8E-0AD1942DB95F" bypassable="false"><ns6:description></ns6:description><ns6:task name="Task 11" key="_1B24D0CD-F7EA-4FB8-9742-E2484F2C8317" bypassable="false"><ns6:description></ns6:description><ns6:assignee>lloren</ns6:assignee><ns6:variables/></ns6:task></ns6:activities></ns6:option></ns6:decision><ns6:task name="Task 17" key="_99321660-F322-49C1-A50B-D4B3CFECBB09" bypassable="false"><ns6:description></ns6:description><ns6:assignee>jkranes</ns6:assignee><ns6:variables/></ns6:task></ns6:activities><ns6:bypassAssignee>admin</ns6:bypassAssignee></ns6:process>