<?xml version="1.0" encoding="UTF-8" standalone="yes"?><ns6:process xmlns="http://www.omg.org/spec/BPMN/20100524/MODEL" xmlns:ns2="http://www.omg.org/spec/DD/20100524/DI" xmlns:ns3="http://www.omg.org/spec/BPMN/20100524/DI" xmlns:ns4="http://www.omg.org/spec/DD/20100524/DC" xmlns:ns5="http://www.wiredwidgets.org/cow/server/schema/service" xmlns:ns6="http://www.wiredwidgets.org/cow/server/schema/model-v2" xmlns:ns7="http://www.wiredwidgets.org/rem2/schema" name="chicletlistcheck" key="chicletlistcheck" maxId="0"><ns6:activities sequential="true" name="base" key="_7052AB86-5DAF-4ECB-BEB6-5C6CBB410B54"><ns6:activities sequential="true" name="listtest" key="_E0CA3D7D-E26B-4485-8F32-CD717D9ADDB5" bypassable="false"><ns6:description>Does this really work???</ns6:description><ns6:task name="ltask1" key="_A3DCA04B-CA74-4EE5-B0B7-84D98370082E" bypassable="false"><ns6:description></ns6:description><ns6:assignee>mhowansky</ns6:assignee><ns6:variables/></ns6:task><ns6:task name="ltask2" key="_29470F54-8C06-4E65-AEA4-B02AE94EAA34" bypassable="false"><ns6:description></ns6:description><ns6:assignee>fitzpatrick</ns6:assignee><ns6:variables/></ns6:task></ns6:activities></ns6:activities><ns6:bypassAssignee>admin</ns6:bypassAssignee></ns6:process>