<?xml version="1.0" encoding="UTF-8" standalone="yes"?><ns6:process xmlns="http://www.omg.org/spec/BPMN/20100524/MODEL" xmlns:ns2="http://www.omg.org/spec/DD/20100524/DI" xmlns:ns3="http://www.omg.org/spec/BPMN/20100524/DI" xmlns:ns4="http://www.omg.org/spec/DD/20100524/DC" xmlns:ns5="http://www.wiredwidgets.org/cow/server/schema/service" xmlns:ns6="http://www.wiredwidgets.org/cow/server/schema/model-v2" xmlns:ns7="http://www.wiredwidgets.org/rem2/schema" name="decisionTest" key="decisionTest2" maxId="0"><ns6:activities sequential="true" name="base" key="_7DA2641F-9686-4D42-BD63-F5BFB653ACE9"><ns6:decision name="Decision 9" key="_049DB6A5-C6B4-49DB-8D76-D48C914BCDE4" bypassable="false"><ns6:description></ns6:description><ns6:task name="?" key="0E6ABDEA-9550-440F-86A3-153ECA1EB40D"><ns6:description></ns6:description><ns6:assignee>mhowansky</ns6:assignee><ns6:variables/></ns6:task><ns6:option name="Option 11"><ns6:activities sequential="true" name="Option 11option" key="_73845C1E-91D6-4963-97B1-254063EB92A3" bypassable="false"><ns6:description></ns6:description><ns6:task name="Task 10" key="_6FEB7181-13DE-4A15-BDEB-407771CCE472" bypassable="false"><ns6:description></ns6:description><ns6:assignee>fitzpatrick</ns6:assignee><ns6:variables/></ns6:task></ns6:activities></ns6:option><ns6:option name="Option 13"><ns6:activities sequential="true" name="Option 13option" key="_24ADB011-79F7-4C5F-B043-00934BEE45AB" bypassable="false"><ns6:description></ns6:description><ns6:task name="Task 12" key="_28AFCC1E-266E-4D3E-93EA-1F32449E075C" bypassable="false"><ns6:description></ns6:description><ns6:assignee>lloren</ns6:assignee><ns6:variables/></ns6:task></ns6:activities></ns6:option></ns6:decision></ns6:activities><ns6:bypassAssignee>admin</ns6:bypassAssignee></ns6:process>