<?xml version="1.0" encoding="UTF-8" standalone="yes"?><ns6:process xmlns="http://www.omg.org/spec/BPMN/20100524/MODEL" xmlns:ns2="http://www.omg.org/spec/DD/20100524/DI" xmlns:ns3="http://www.omg.org/spec/BPMN/20100524/DI" xmlns:ns4="http://www.omg.org/spec/DD/20100524/DC" xmlns:ns5="http://www.wiredwidgets.org/cow/server/schema/service" xmlns:ns6="http://www.wiredwidgets.org/cow/server/schema/model-v2" xmlns:ns7="http://www.wiredwidgets.org/rem2/schema" name="decisiontest" key="decisiontest" maxId="0"><ns6:activities sequential="true" name="List" key="_F110D7B5-9E8E-4F0C-AD56-4A8B5D2FE60B"><ns6:decision name="Decision" key="_F5B707A7-5B91-4420-8998-B9ED0B8D2249"><ns6:task name="HumanTask"/><ns6:option name="Option"><ns6:activities sequential="true" name="List2" key="_0097DAC9-BD18-4449-8B2B-8A679C295C21"><ns6:task name="HumanTask2" key="_404C8C73-A37C-40CA-9F91-22AE0AC31692"><ns6:variables/></ns6:task><ns6:task name="HumanTask3" key="_91A5B8F9-5BAD-429A-AB2A-BB7F91B9105C"><ns6:variables/></ns6:task></ns6:activities></ns6:option><ns6:option name="Option2"><ns6:activities sequential="true" name="List3" key="_D5A2B15C-41CD-47D0-815A-1D9DF70B1017"><ns6:serviceTask name="ServiceTask" key="_51917FDE-304C-40C2-B8BD-E2D3FBD347D6"><ns6:variables/></ns6:serviceTask></ns6:activities></ns6:option><ns6:option name="Option3"><ns6:activities sequential="true" name="List4" key="_C8482992-F474-472C-AFBD-E4A5B89C2851"><ns6:task name="HumanTask4" key="_5AD2DD30-AC72-4F3C-A179-03C894AB7C04"><ns6:variables/></ns6:task></ns6:activities></ns6:option></ns6:decision></ns6:activities><ns6:variables/></ns6:process>