<?xml version="1.0" encoding="UTF-8" standalone="yes"?><ns6:process xmlns="http://www.omg.org/spec/BPMN/20100524/MODEL" xmlns:ns2="http://www.omg.org/spec/DD/20100524/DI" xmlns:ns3="http://www.omg.org/spec/BPMN/20100524/DI" xmlns:ns4="http://www.omg.org/spec/DD/20100524/DC" xmlns:ns5="http://www.wiredwidgets.org/cow/server/schema/service" xmlns:ns6="http://www.wiredwidgets.org/cow/server/schema/model-v2" xmlns:ns7="http://www.wiredwidgets.org/rem2/schema" name="decisionTest" key="decisionTest1" maxId="0"><ns6:activities sequential="true" name="base" key="_6A6A6A3C-1C55-4B81-870D-47209053784D"><ns6:decision name="Decision 9" key="_F5D787CB-7B1F-4D6B-9E1E-25A9D428BE33" bypassable="false"><ns6:description></ns6:description><ns6:task name="?" key="D639D5A9-8CF7-4FED-A70E-0A77E243B070"><ns6:description></ns6:description><ns6:assignee>mhowansky</ns6:assignee><ns6:variables/></ns6:task><ns6:option name="Option 11"><ns6:activities sequential="true" name="Option 11option" key="_CC57FBC3-857E-420D-9156-A90EF1B64B51" bypassable="false"><ns6:description></ns6:description><ns6:task name="Task 10" key="_D1117C5F-DCBB-417D-AC48-B520F25E0006" bypassable="false"><ns6:description></ns6:description><ns6:assignee>fitzpatrick</ns6:assignee><ns6:variables/></ns6:task></ns6:activities></ns6:option><ns6:option name="Option 13"><ns6:activities sequential="true" name="Option 13option" key="_9B7BDD3E-196A-47F4-98A9-C16A33425BA2" bypassable="false"><ns6:description></ns6:description><ns6:task name="Task 12" key="_2E774458-C421-4A3A-AFB1-94286E3159B1" bypassable="false"><ns6:description></ns6:description><ns6:assignee>lloren</ns6:assignee><ns6:variables/></ns6:task></ns6:activities></ns6:option></ns6:decision></ns6:activities><ns6:bypassAssignee>admin</ns6:bypassAssignee></ns6:process>