<?xml version="1.0" encoding="UTF-8" standalone="yes"?><ns6:process xmlns="http://www.omg.org/spec/BPMN/20100524/MODEL" xmlns:ns2="http://www.omg.org/spec/DD/20100524/DI" xmlns:ns3="http://www.omg.org/spec/BPMN/20100524/DI" xmlns:ns4="http://www.omg.org/spec/DD/20100524/DC" xmlns:ns5="http://www.wiredwidgets.org/cow/server/schema/service" xmlns:ns6="http://www.wiredwidgets.org/cow/server/schema/model-v2" xmlns:ns7="http://www.wiredwidgets.org/rem2/schema" name="Decisions" key="Decisions" maxId="0"><ns6:activities sequential="true" name="base" key="_E02854F8-0C86-42C5-B3C9-ABB694B0B834"><ns6:decision name="Decision" key="_39200066-7168-431E-B641-2DB0F7B42239" bypassable="false"><ns6:description></ns6:description><ns6:task name="Yes or no" key="" bypassable="false"><ns6:description></ns6:description><ns6:assignee>mhowansky</ns6:assignee><ns6:variables/></ns6:task><ns6:option name="Option"><ns6:activities sequential="true" name="Optionoption" key="_6DE93B46-1F04-4928-8E91-478FA8FAFD3B" bypassable="false"><ns6:description></ns6:description><ns6:task name="HumanTask" key="_C36999CF-544A-4C7B-A04D-DAA3201606E8" bypassable="false"><ns6:description></ns6:description><ns6:assignee>mhowansky</ns6:assignee><ns6:variables/></ns6:task></ns6:activities></ns6:option><ns6:option name="Option2"><ns6:activities sequential="true" name="Option2option" key="_9B7D6A75-37ED-4FF9-BEEE-8CEFDD5D1C09" bypassable="false"><ns6:description></ns6:description><ns6:task name="HumanTask2" key="_94417E6A-FDEA-4BB6-A55E-C6B1B60FA560" bypassable="false"><ns6:description></ns6:description><ns6:assignee>mhowansky</ns6:assignee><ns6:variables/></ns6:task></ns6:activities></ns6:option></ns6:decision></ns6:activities><ns6:bypassAssignee>admin</ns6:bypassAssignee></ns6:process>