<?xml version="1.0" encoding="UTF-8" standalone="yes"?><ns6:process xmlns="http://www.omg.org/spec/BPMN/20100524/MODEL" xmlns:ns2="http://www.omg.org/spec/DD/20100524/DI" xmlns:ns3="http://www.omg.org/spec/BPMN/20100524/DI" xmlns:ns4="http://www.omg.org/spec/DD/20100524/DC" xmlns:ns5="http://www.wiredwidgets.org/cow/server/schema/service" xmlns:ns6="http://www.wiredwidgets.org/cow/server/schema/model-v2" xmlns:ns7="http://www.wiredwidgets.org/rem2/schema" name="decisionTest" key="decisionTest3" maxId="0"><ns6:activities sequential="true" name="base" key="_108BB882-39B9-4E2B-9DCD-ABFC70D7B8BC"><ns6:decision name="Decision 9" key="_82A5A8B9-C4D3-4CE0-BC73-D3D5331566DB" bypassable="false"><ns6:description></ns6:description><ns6:task name="?" key="607CAB77-669B-4104-8674-5B6EF677FA81"><ns6:description></ns6:description><ns6:assignee>mhowansky</ns6:assignee><ns6:variables/></ns6:task><ns6:option name="Option 11"><ns6:activities sequential="true" name="Option 11option" key="_E2B78288-7C7F-4408-A6FA-9E1D0AB85014" bypassable="false"><ns6:description></ns6:description><ns6:task name="Task 10" key="_4ECB41B7-8CAD-4861-82D5-9D24AAEF7DFE" bypassable="false"><ns6:description></ns6:description><ns6:assignee>fitzpatrick</ns6:assignee><ns6:variables/></ns6:task></ns6:activities></ns6:option><ns6:option name="Option 13"><ns6:activities sequential="true" name="Option 13option" key="_01933A9C-372B-4198-9BF6-64E9157244AD" bypassable="false"><ns6:description></ns6:description><ns6:task name="Task 12" key="_8B092DFB-1CDB-48A4-A4EC-19F5DB4FE56B" bypassable="false"><ns6:description></ns6:description><ns6:assignee>lloren</ns6:assignee><ns6:variables/></ns6:task></ns6:activities></ns6:option></ns6:decision></ns6:activities><ns6:bypassAssignee>admin</ns6:bypassAssignee></ns6:process>