<?xml version="1.0" encoding="UTF-8" standalone="yes"?><ns6:process xmlns="http://www.omg.org/spec/BPMN/20100524/MODEL" xmlns:ns2="http://www.omg.org/spec/DD/20100524/DI" xmlns:ns3="http://www.omg.org/spec/BPMN/20100524/DI" xmlns:ns4="http://www.omg.org/spec/DD/20100524/DC" xmlns:ns5="http://www.wiredwidgets.org/cow/server/schema/service" xmlns:ns6="http://www.wiredwidgets.org/cow/server/schema/model-v2" xmlns:ns7="http://www.wiredwidgets.org/rem2/schema" name="Denim_Decision" key="Denim_Decision" maxId="0"><ns6:activities sequential="true" name="base" key="_B9A96A6B-2BB3-4F50-8AC1-2D866187F65A"><ns6:decision name="Mock Hazmat Denim Decision Ext Wf.101" key="_0FB6A221-1825-4C48-BFD9-2A8F941C1A84" bypassable="false"><ns6:description>There is a problem with your current data source please select a new data source.</ns6:description><ns6:task name="Which Data source would you like to use." key="" bypassable="false"><ns6:description></ns6:description><ns6:candidateGroups>SIDO</ns6:candidateGroups><ns6:variables/></ns6:task><ns6:option name="Droid"><ns6:activities sequential="true" name="Droidoption" key="_3D5757AE-D2F8-4447-843A-D6F1F4EDCCEF" bypassable="false"><ns6:description></ns6:description><ns6:task name="Use Data 1" key="_9E05485D-0131-41A0-BCCE-10D456835BF0" bypassable="false"><ns6:description></ns6:description><ns6:candidateGroups>SIDO</ns6:candidateGroups><ns6:variables/></ns6:task></ns6:activities></ns6:option><ns6:option name="Hand"><ns6:activities sequential="true" name="Handoption" key="_B896E249-A316-44D5-A412-E3A35A926B40" bypassable="false"><ns6:description></ns6:description><ns6:task name="Use Data 2" key="_3CDD2CC3-7D66-4E36-BE1A-6DA688E8B91C" bypassable="false"><ns6:description></ns6:description><ns6:candidateGroups>SIDO</ns6:candidateGroups><ns6:variables/></ns6:task></ns6:activities></ns6:option><ns6:option name="Tongs"><ns6:activities sequential="true" name="Tongsoption" key="_20D3566F-93E7-4CEB-AFA4-63934A2D0FF8" bypassable="false"><ns6:description></ns6:description><ns6:task name="Use Data 3" key="_0BC4CD44-6CB6-4E62-9757-B64A336A30DB" bypassable="false"><ns6:description></ns6:description><ns6:candidateGroups>SIDO</ns6:candidateGroups><ns6:variables/></ns6:task></ns6:activities></ns6:option></ns6:decision></ns6:activities><ns6:bypassAssignee>admin</ns6:bypassAssignee></ns6:process>