<?xml version="1.0" encoding="UTF-8" standalone="yes"?><ns6:process xmlns="http://www.omg.org/spec/BPMN/20100524/MODEL" xmlns:ns2="http://www.omg.org/spec/DD/20100524/DI" xmlns:ns3="http://www.omg.org/spec/BPMN/20100524/DI" xmlns:ns4="http://www.omg.org/spec/DD/20100524/DC" xmlns:ns5="http://www.wiredwidgets.org/cow/server/schema/service" xmlns:ns6="http://www.wiredwidgets.org/cow/server/schema/model-v2" xmlns:ns7="http://www.wiredwidgets.org/rem2/schema" name="Details_Task" key="Details_Task" maxId="0"><ns6:activities sequential="true" name="base" key="_DCE08A50-A591-4444-A9F6-CB1022A1CD4D"><ns6:decision name="Task 1" key="_90A77354-4FB9-43A6-ACC6-4823E9C3262D" bypassable="false"><ns6:description>Description for Task 1</ns6:description><ns6:task name="Pick an option" key="" bypassable="false"><ns6:description></ns6:description><ns6:assignee>bgoodrich</ns6:assignee><ns6:variables><ns6:variable name="Variable1" value="Data1"/><ns6:variable name="Variable2" value="Data2"/><ns6:variable name="Variable3" value="Data3"/></ns6:variables></ns6:task><ns6:option name="Outcome 1"><ns6:activities sequential="true" name="Outcome 1option" key="_CDCF55EB-0B51-4895-8A7E-B10263F8DDEB" bypassable="false"><ns6:description></ns6:description><ns6:task name="You picked outcome1" key="_3EE1E919-7B19-4389-BD86-5861B56ECFF1" bypassable="false"><ns6:description></ns6:description><ns6:assignee>bgoodrich</ns6:assignee><ns6:variables/></ns6:task></ns6:activities></ns6:option><ns6:option name="Outcome 2"><ns6:activities sequential="true" name="Outcome 2option" key="_415850E2-9257-426A-9CF0-44410AA34750" bypassable="false"><ns6:description></ns6:description><ns6:task name="You picked outcome2" key="_23F1A277-2E32-4C0A-930C-92BF676E19CC" bypassable="false"><ns6:description></ns6:description><ns6:assignee>bgoodrich</ns6:assignee><ns6:variables/></ns6:task></ns6:activities></ns6:option></ns6:decision></ns6:activities><ns6:bypassAssignee>admin</ns6:bypassAssignee></ns6:process>