<?xml version="1.0" encoding="UTF-8" standalone="yes"?><ns6:process xmlns="http://www.omg.org/spec/BPMN/20100524/MODEL" xmlns:ns2="http://www.omg.org/spec/DD/20100524/DI" xmlns:ns3="http://www.omg.org/spec/BPMN/20100524/DI" xmlns:ns4="http://www.omg.org/spec/DD/20100524/DC" xmlns:ns5="http://www.wiredwidgets.org/cow/server/schema/service" xmlns:ns6="http://www.wiredwidgets.org/cow/server/schema/model-v2" xmlns:ns7="http://www.wiredwidgets.org/rem2/schema" name="Gamble" key="Gamble" maxId="61"><ns6:activities sequential="true" name="base" key="base"><ns6:decision name="Game type" key="" bypassable="false"><ns6:description>decide if you want to play card games, slot machines or roulette</ns6:description><ns6:task name="Cards or slots or roulette?" key="_2" bypassable="false"><ns6:description></ns6:description><ns6:assignee>tst</ns6:assignee><ns6:variables/></ns6:task><ns6:option name="Slots"><ns6:activities sequential="true" name="Slotsoption" key="Slotsoption" bypassable="false"><ns6:description>diff slot machine types</ns6:description><ns6:decision name="Slot machine type" key="" bypassable="false"><ns6:description></ns6:description><ns6:task name="Which type of slots to play?" key="_5" bypassable="false"><ns6:description></ns6:description><ns6:assignee>tst</ns6:assignee><ns6:variables/></ns6:task><ns6:option name="Dollar"><ns6:activities sequential="true" name="Dollaroption" key="Dollaroption" bypassable="false"><ns6:description></ns6:description><ns6:task name="Play dollar slots" key="_8" bypassable="false"><ns6:description>high roller slots!</ns6:description><ns6:assignee>tst</ns6:assignee><ns6:variables/></ns6:task></ns6:activities></ns6:option><ns6:option name="Penny"><ns6:activities sequential="true" name="Pennyoption" key="Pennyoption" bypassable="false"><ns6:description>not much money so play the penny slots</ns6:description><ns6:task name="Play penny slots" key="_15" bypassable="false"><ns6:description>not so high roller.  put a penny in and see what comes out.</ns6:description><ns6:assignee>DavidA</ns6:assignee><ns6:variables/></ns6:task></ns6:activities></ns6:option></ns6:decision></ns6:activities></ns6:option><ns6:option name="Card games"><ns6:activities sequential="true" name="Card gamesoption" key="Card gamesoption" bypassable="false"><ns6:description></ns6:description><ns6:decision name="Select card game" key="" bypassable="false"><ns6:description>Choose from blackjack or poker</ns6:description><ns6:task name="Which card game?" key="_16" bypassable="false"><ns6:description></ns6:description><ns6:assignee>Lisa</ns6:assignee><ns6:variables/></ns6:task><ns6:option name="Blackjack"><ns6:activities sequential="true" name="Blackjackoption" key="Blackjackoption" bypassable="false"><ns6:description></ns6:description><ns6:task name="Play blackjack" key="_20" bypassable="false"><ns6:description></ns6:description><ns6:assignee>lisa</ns6:assignee><ns6:variables/></ns6:task></ns6:activities></ns6:option><ns6:option name="Poker"><ns6:activities sequential="true" name="Pokeroption" key="Pokeroption" bypassable="false"><ns6:description></ns6:description><ns6:task name="Play poker" key="_19" bypassable="false"><ns6:description></ns6:description><ns6:assignee>lisa</ns6:assignee><ns6:variables/></ns6:task></ns6:activities></ns6:option></ns6:decision></ns6:activities></ns6:option></ns6:decision></ns6:activities><ns6:bypassAssignee>admin</ns6:bypassAssignee></ns6:process>