<?xml version="1.0" encoding="UTF-8" standalone="yes"?><ns6:process xmlns="http://www.omg.org/spec/BPMN/20100524/MODEL" xmlns:ns2="http://www.omg.org/spec/DD/20100524/DI" xmlns:ns3="http://www.omg.org/spec/BPMN/20100524/DI" xmlns:ns4="http://www.omg.org/spec/DD/20100524/DC" xmlns:ns5="http://www.wiredwidgets.org/cow/server/schema/service" xmlns:ns6="http://www.wiredwidgets.org/cow/server/schema/model-v2" xmlns:ns7="http://www.wiredwidgets.org/rem2/schema" name="GQTest" key="GQTest" maxId="0"><ns6:activities sequential="true" name="base" key="_AC9CD396-AD1E-4E9E-92C1-55DBBF0AF7CE"><ns6:task name="Interpret Request" key="_52A209B9-E21C-4F94-8C60-66BE8C78C0B1" bypassable="false"><ns6:description></ns6:description><ns6:assignee>bgoodrich</ns6:assignee><ns6:variables><ns6:variable name="IDEAMNoun" value="org.mitre.c2is.entity.request.GenericRequest"/><ns6:variable name="IDEAMVerb" value="Interpret"/><ns6:variable name="IDEAMNounAttributeName" value="RequestType"/><ns6:variable name="IDEAMNounAttributeVallue" value="{http://metadata.dod.mil/mdr/ns/aocoi/2.0/airrequest/}EightLineISRRequestDetails"/></ns6:variables></ns6:task><ns6:task name="Propose Tasking or Deny" key="_F12E8B28-200B-4455-91F8-2AE00190A909" bypassable="false"><ns6:description></ns6:description><ns6:assignee>bgoodrich</ns6:assignee><ns6:variables><ns6:variable name="IDEAMNoun" value="org.mitre.c2is.entity.request.GenericRequest"/><ns6:variable name="IDEAMVerb" value="Propose Tasking"/></ns6:variables></ns6:task></ns6:activities><ns6:bypassAssignee>admin</ns6:bypassAssignee></ns6:process>