<?xml version="1.0" encoding="UTF-8" standalone="yes"?><ns6:process xmlns="http://www.omg.org/spec/BPMN/20100524/MODEL" xmlns:ns2="http://www.omg.org/spec/DD/20100524/DI" xmlns:ns3="http://www.omg.org/spec/BPMN/20100524/DI" xmlns:ns4="http://www.omg.org/spec/DD/20100524/DC" xmlns:ns5="http://www.wiredwidgets.org/cow/server/schema/service" xmlns:ns6="http://www.wiredwidgets.org/cow/server/schema/model-v2" xmlns:ns7="http://www.wiredwidgets.org/rem2/schema" name="GQTest2" key="GQTest2" maxId="0"><ns6:activities sequential="true" name="base" key="_B06E7572-1C11-4EFE-9F83-11EBC46AE7BF"><ns6:task name="Interpret Request" key="_71F6149D-8F66-4E93-995B-B913AAB83654" bypassable="false"><ns6:description></ns6:description><ns6:assignee>bgoodrich</ns6:assignee><ns6:variables><ns6:variable name="IDEAMNoun" value="org.mitre.c2is.entity.request.GenericRequest"/><ns6:variable name="IDEAMVerb" value="Interpret"/><ns6:variable name="IDEAMNounAttributeName" value="RequestType"/><ns6:variable name="IDEAMNounAttributeValue" value="{http://metadata.dod.mil/mdr/ns/aocoi/2.0/airrequest/}EightLineISRRequestDetails"/><ns6:variable name="CompletionEventObjectTypeIdentifier" value="{http://metadata.dod.mil/mdr/ns/aocoi/2.0/handlingresult/}HandlingResult"/><ns6:variable name="CompletionEventUUIdAttributePath" value="extensions.extension[rootElementType={http://metadata.dod.mil/mdr/ns/aocoi/2.0/handlingresult/dataeventextensions/}HandlingResultAttributes].any.HandledDataEntityUUId"/><ns6:variable name="CompletionEventAttributePath1" value="extensions.extension[rootElementType={http://metadata.dod.mil/mdr/ns/aocoi/2.0/handlingresult/dataeventextensions/}HandlingResultAttributes].any.HandlingResultDetailsType"/><ns6:variable name="CompletionEventAttributeValue1" value="Interpreted Values"/><ns6:variable name="CompletionEventAttributePath2" value="extensions.extension[rootElementType={http://metadata.dod.mil/mdr/ns/aocoi/2.0/handlingresult/dataeventextensions/}HandlingResultAttributes].any.HandledDataEntityType"/><ns6:variable name="CompletionEventAttributeValue2" value="GenericRequest"/></ns6:variables></ns6:task><ns6:task name="Propose Tasking or Deny" key="_4BCA03B4-B300-4A45-B007-966387A17CE1" bypassable="false"><ns6:description></ns6:description><ns6:assignee>bgoodrich</ns6:assignee><ns6:variables><ns6:variable name="IDEAMNoun" value="org.mitre.c2is.entity.request.GenericRequest"/><ns6:variable name="IDEAMVerb" value="Propose Tasking"/><ns6:variable name="CompletionEventObjectTypeIdentifier" value="{http://metadata.dod.mil/mdr/ns/aocoi/2.0/handlingresult/}HandlingResult"/><ns6:variable name="CompletionEventUUIdAttributePath" value="extensions.extension[rootElementType={http://metadata.dod.mil/mdr/ns/aocoi/2.0/handlingresult/dataeventextensions/}HandlingResultAttributes].any.HandledDataEntityUUId"/></ns6:variables></ns6:task></ns6:activities><ns6:bypassAssignee>admin</ns6:bypassAssignee></ns6:process>