<?xml version="1.0" encoding="UTF-8" standalone="yes"?><ns6:process xmlns="http://www.omg.org/spec/BPMN/20100524/MODEL" xmlns:ns2="http://www.omg.org/spec/DD/20100524/DI" xmlns:ns3="http://www.omg.org/spec/BPMN/20100524/DI" xmlns:ns4="http://www.omg.org/spec/DD/20100524/DC" xmlns:ns5="http://www.wiredwidgets.org/cow/server/schema/service" xmlns:ns6="http://www.wiredwidgets.org/cow/server/schema/model-v2" xmlns:ns7="http://www.wiredwidgets.org/rem2/schema" name="hoanhtest" key="hoanhtest" maxId="0"><ns6:activities sequential="true" name="base" key="_ACBFB6E0-E33C-4DC6-9DFB-71A77D2E7CF2"><ns6:task name="human task 1" key="_1BCA6D45-5474-485A-8BA5-E121E05C347C" bypassable="false"><ns6:description></ns6:description><ns6:assignee>bgoodrich</ns6:assignee><ns6:variables/></ns6:task><ns6:script scriptFormat="http://www.java.com/java" name="Script 1" key="_CC38AC6E-2625-4176-BC7C-1475D0AABF6F" bypassable="false"><ns6:description></ns6:description><ns6:content>kcontext.setVariable("thing", "thing");</ns6:content></ns6:script><ns6:task name="human task 2" key="_3AB8998A-F7B3-489A-B272-01C9F74530AC" bypassable="false"><ns6:description></ns6:description><ns6:assignee>bgoodrich</ns6:assignee><ns6:variables/></ns6:task><ns6:script scriptFormat="http://www.java.com/java" name="Script 2" key="_DFB8A4E5-7CBF-41DB-B809-F1F254C2AEB5" bypassable="false"><ns6:description></ns6:description><ns6:content>kcontext.setVariable("thing", "other thing");</ns6:content></ns6:script><ns6:task name="human task 3" key="_5E5470E6-46D6-4DE8-90EF-AB412D18BADD" bypassable="false"><ns6:description></ns6:description><ns6:assignee>bgoodrich</ns6:assignee><ns6:variables/></ns6:task></ns6:activities><ns6:bypassAssignee>admin</ns6:bypassAssignee></ns6:process>