<?xml version="1.0" encoding="UTF-8" standalone="yes"?><ns6:process xmlns="http://www.omg.org/spec/BPMN/20100524/MODEL" xmlns:ns2="http://www.omg.org/spec/DD/20100524/DI" xmlns:ns3="http://www.omg.org/spec/BPMN/20100524/DI" xmlns:ns4="http://www.omg.org/spec/DD/20100524/DC" xmlns:ns5="http://www.wiredwidgets.org/cow/server/schema/service" xmlns:ns6="http://www.wiredwidgets.org/cow/server/schema/model-v2" xmlns:ns7="http://www.wiredwidgets.org/rem2/schema" name="githubsvc" key="httpbin" maxId="5"><ns6:activities sequential="true" name="base" key="_F7A7E9BC-5D84-4079-B695-8E5229C0836B"><ns6:task name="Task 1" key="_19C73F92-6E22-434F-9A82-4D25D34205D6" bypassable="false"><ns6:description></ns6:description><ns6:assignee>mhowansky</ns6:assignee><ns6:variables/></ns6:task><ns6:serviceTask name="ServiceTask 4" key="_6E0FFCD6-6D81-4E05-88B7-CA2C70C92CF1" bypassable="false"><ns6:description></ns6:description><ns6:method>GET</ns6:method><ns6:url>http://httpbin.org/robots.txt</ns6:url><ns6:var>result</ns6:var></ns6:serviceTask><ns6:task name="Task 3" key="_BCBEAAC0-0968-4911-B607-04C320CEEB5F" bypassable="false"><ns6:description></ns6:description><ns6:assignee>mhowansky</ns6:assignee><ns6:variables/></ns6:task></ns6:activities><ns6:bypassAssignee>admin</ns6:bypassAssignee></ns6:process>