<?xml version="1.0" encoding="UTF-8" standalone="yes"?><ns6:process xmlns="http://www.omg.org/spec/BPMN/20100524/MODEL" xmlns:ns2="http://www.omg.org/spec/DD/20100524/DI" xmlns:ns3="http://www.omg.org/spec/BPMN/20100524/DI" xmlns:ns4="http://www.omg.org/spec/DD/20100524/DC" xmlns:ns5="http://www.wiredwidgets.org/cow/server/schema/service" xmlns:ns6="http://www.wiredwidgets.org/cow/server/schema/model-v2" xmlns:ns7="http://www.wiredwidgets.org/rem2/schema" name="jkscript" key="jkscript" maxId="0"><ns6:activities sequential="true" key="_862F51F7-4044-4C74-8CA3-EF6BB67DC088"><ns6:script name="script" key="_65CAEF0E-CCF6-496F-A0EE-D7B1BC071F70"><ns6:content>variables.put("key1","value1");
			variables.put("key2","value2");</ns6:content></ns6:script><ns6:script name="script2" key="_EF6F5A32-F52E-4F66-A088-D286B4AB0274"><ns6:content>System.out.println("key1: " + variables.get("key1"));
			System.out.println("key2:" + variables.get("key2"));
      		</ns6:content></ns6:script><ns6:script name="script3" key="_DB2096FE-9A6C-4F05-A438-B2F089C0BDFB"><ns6:content>System.out.println("testing");</ns6:content></ns6:script></ns6:activities></ns6:process>