<?xml version="1.0" encoding="UTF-8" standalone="yes"?><ns6:process xmlns="http://www.omg.org/spec/BPMN/20100524/MODEL" xmlns:ns2="http://www.omg.org/spec/DD/20100524/DI" xmlns:ns3="http://www.omg.org/spec/BPMN/20100524/DI" xmlns:ns4="http://www.omg.org/spec/DD/20100524/DC" xmlns:ns5="http://www.wiredwidgets.org/cow/server/schema/service" xmlns:ns6="http://www.wiredwidgets.org/cow/server/schema/model-v2" xmlns:ns7="http://www.wiredwidgets.org/rem2/schema" name="Lisa_UniqueKeyTest" key="Lisa_UniqueKeyTest" maxId="9"><ns6:activities sequential="true" name="base" key="base"><ns6:task name="Some basic task" key="_2" bypassable="false"><ns6:description></ns6:description><ns6:assignee>joe</ns6:assignee><ns6:variables/></ns6:task><ns6:activities sequential="true" name="Lisa_DupeMeWorkflow" key="" bypassable="false"><ns6:description></ns6:description><ns6:task name="I am to be duped." key="_5" bypassable="false"><ns6:description></ns6:description><ns6:assignee>prema</ns6:assignee><ns6:variables/></ns6:task></ns6:activities><ns6:task name="Some basic separator task" key="_6" bypassable="false"><ns6:description></ns6:description><ns6:assignee>mhowansky</ns6:assignee><ns6:variables/></ns6:task><ns6:activities sequential="true" name="Lisa_DupeMeWorkflow" key="" bypassable="false"><ns6:description></ns6:description><ns6:task name="I am to be duped." key="_7" bypassable="false"><ns6:description></ns6:description><ns6:assignee>prema</ns6:assignee><ns6:variables/></ns6:task></ns6:activities><ns6:task name="An ending task" key="_8" bypassable="false"><ns6:description></ns6:description><ns6:assignee>joe</ns6:assignee><ns6:variables/></ns6:task></ns6:activities><ns6:bypassAssignee>admin</ns6:bypassAssignee></ns6:process>