<?xml version="1.0" encoding="UTF-8" standalone="yes"?><ns6:process xmlns="http://www.omg.org/spec/BPMN/20100524/MODEL" xmlns:ns2="http://www.omg.org/spec/DD/20100524/DI" xmlns:ns3="http://www.omg.org/spec/BPMN/20100524/DI" xmlns:ns4="http://www.omg.org/spec/DD/20100524/DC" xmlns:ns5="http://www.wiredwidgets.org/cow/server/schema/service" xmlns:ns6="http://www.wiredwidgets.org/cow/server/schema/model-v2" xmlns:ns7="http://www.wiredwidgets.org/rem2/schema" name="Lisa_DupeMeWorkflow" key="Lisa_DupeMeWorkflow" maxId="3"><ns6:activities sequential="true" name="base" key="_96225429-0727-4EE7-8B0D-C7F7D8B82450"><ns6:task name="I am to be duped." key="_58DFE5E5-C922-4C65-BA17-D95918595E50" bypassable="false"><ns6:description></ns6:description><ns6:assignee>lisa</ns6:assignee><ns6:variables/></ns6:task></ns6:activities><ns6:bypassAssignee>admin</ns6:bypassAssignee></ns6:process>