<?xml version="1.0" encoding="UTF-8" standalone="yes"?><ns6:process xmlns="http://www.omg.org/spec/BPMN/20100524/MODEL" xmlns:ns2="http://www.omg.org/spec/DD/20100524/DI" xmlns:ns3="http://www.omg.org/spec/BPMN/20100524/DI" xmlns:ns4="http://www.omg.org/spec/DD/20100524/DC" xmlns:ns5="http://www.wiredwidgets.org/cow/server/schema/service" xmlns:ns6="http://www.wiredwidgets.org/cow/server/schema/model-v2" xmlns:ns7="http://www.wiredwidgets.org/rem2/schema" name="lisatest" key="lisatest" maxId="0"><ns6:activities sequential="true" name="base" key="_497FDA13-F53C-4279-A99F-C47820A6231B"><ns6:task name="Task 1" key="_BE803C0B-44EB-4DCD-A9BE-EA8792D66CF6" bypassable="false"><ns6:description></ns6:description><ns6:assignee>bgoodrich</ns6:assignee><ns6:variables><ns6:variable name="IDEAMNoun" value="org.mitre.c2is.entity.request.GenericRequest"/><ns6:variable name="IDEAMVerb" value="RequestInfo"/><ns6:variable name="UUId" value="8bae6d93-6f09-4dc4-8305-21ed81dea943"/></ns6:variables></ns6:task></ns6:activities><ns6:bypassAssignee>admin</ns6:bypassAssignee></ns6:process>