<?xml version="1.0" encoding="UTF-8" standalone="yes"?><ns6:process xmlns="http://www.omg.org/spec/BPMN/20100524/MODEL" xmlns:ns2="http://www.omg.org/spec/DD/20100524/DI" xmlns:ns3="http://www.omg.org/spec/BPMN/20100524/DI" xmlns:ns4="http://www.omg.org/spec/DD/20100524/DC" xmlns:ns5="http://www.wiredwidgets.org/cow/server/schema/service" xmlns:ns6="http://www.wiredwidgets.org/cow/server/schema/model-v2" xmlns:ns7="http://www.wiredwidgets.org/rem2/schema" name="LisaTaskListTest" key="LisaTaskListTest" maxId="0"><ns6:activities sequential="true" name="base" key="_5EE145CB-C13E-42D3-9AC4-A168C37D4814"><ns6:task name="View Request" key="_44D7BEB5-F0AC-45DD-9343-ABA61FD1E899" bypassable="false"><ns6:description></ns6:description><ns6:assignee>bgoodrich</ns6:assignee><ns6:variables><ns6:variable name="IDEAMNoun" value="org.mitre.c2is.entity.request.GenericRequest"/><ns6:variable name="IDEAMVerb" value="RequestInfo"/></ns6:variables></ns6:task><ns6:task name="Propose Tasking or Deny" key="_A1ECE86D-2733-45B6-A68A-62DB0B6E498A" bypassable="false"><ns6:description></ns6:description><ns6:assignee>bgoodrich</ns6:assignee><ns6:variables/></ns6:task></ns6:activities><ns6:bypassAssignee>admin</ns6:bypassAssignee></ns6:process>