<?xml version="1.0" encoding="UTF-8" standalone="yes"?><ns6:process xmlns="http://www.omg.org/spec/BPMN/20100524/MODEL" xmlns:ns2="http://www.omg.org/spec/DD/20100524/DI" xmlns:ns3="http://www.omg.org/spec/BPMN/20100524/DI" xmlns:ns4="http://www.omg.org/spec/DD/20100524/DC" xmlns:ns5="http://www.wiredwidgets.org/cow/server/schema/service" xmlns:ns6="http://www.wiredwidgets.org/cow/server/schema/model-v2" xmlns:ns7="http://www.wiredwidgets.org/rem2/schema" name="LoopTest" key="LoopTest" maxId="0"><ns6:activities sequential="true" name="base" key="_CAD73D85-F6C6-4A4F-A545-F92792D920E8"><ns6:loop doneName="no" repeatName="yes" name="Loop 1" key="_60C85343-90CF-437C-BE51-D4A822C833DA" bypassable="false"><ns6:description></ns6:description><ns6:activities sequential="true" name="Loop 1looped" key="_0730A565-3B88-47B2-B053-C17A493449BC" bypassable="false"><ns6:description></ns6:description><ns6:task name="Task 2" key="_FC636449-C9CB-4ACD-AFFE-E87170EBCED2" bypassable="false"><ns6:description></ns6:description><ns6:candidateGroups>SIDO</ns6:candidateGroups><ns6:variables/></ns6:task></ns6:activities><ns6:loopTask name="Continue loop?" key="" bypassable="false"><ns6:description></ns6:description><ns6:candidateGroups>SIDO</ns6:candidateGroups><ns6:variables/></ns6:loopTask></ns6:loop></ns6:activities><ns6:bypassAssignee>admin</ns6:bypassAssignee></ns6:process>