<?xml version="1.0" encoding="UTF-8" standalone="yes"?><ns6:process xmlns="http://www.omg.org/spec/BPMN/20100524/MODEL" xmlns:ns2="http://www.omg.org/spec/DD/20100524/DI" xmlns:ns3="http://www.omg.org/spec/BPMN/20100524/DI" xmlns:ns4="http://www.omg.org/spec/DD/20100524/DC" xmlns:ns5="http://www.wiredwidgets.org/cow/server/schema/service" xmlns:ns6="http://www.wiredwidgets.org/cow/server/schema/model-v2" xmlns:ns7="http://www.wiredwidgets.org/rem2/schema" name="new" key="new" maxId="0"><ns6:activities sequential="true" name="base" key="_E2EB4741-A91F-440F-8E1C-F07BB6E4B546"><ns6:task name="Task 1" key="_64F24828-D2AC-4FF1-9EA7-8D3ECCAAF240" bypassable="false"><ns6:description></ns6:description><ns6:assignee>mhowansky</ns6:assignee><ns6:variables/></ns6:task></ns6:activities><ns6:variables><ns6:variable name="var1" value="xxx" type="String"/><ns6:variable name="var2" value="xxx" type="String"/></ns6:variables><ns6:bypassAssignee>Administrator</ns6:bypassAssignee></ns6:process>