<?xml version="1.0" encoding="UTF-8" standalone="yes"?><ns6:process xmlns="http://www.omg.org/spec/BPMN/20100524/MODEL" xmlns:ns2="http://www.omg.org/spec/DD/20100524/DI" xmlns:ns3="http://www.omg.org/spec/BPMN/20100524/DI" xmlns:ns4="http://www.omg.org/spec/DD/20100524/DC" xmlns:ns5="http://www.wiredwidgets.org/cow/server/schema/service" xmlns:ns6="http://www.wiredwidgets.org/cow/server/schema/model-v2" xmlns:ns7="http://www.wiredwidgets.org/rem2/schema" name="outcomeTest" key="outcomeTest" maxId="0"><ns6:activities sequential="true" name="base" key="_E8784D5A-EB31-44CC-B631-75C9B4D964E4"><ns6:decision name="Decision 1" key="_8BECF7AC-77AF-4970-9D47-AA1B4B0FEFA7" bypassable="false"><ns6:description></ns6:description><ns6:task name="yes/no" key="" bypassable="false"><ns6:description></ns6:description><ns6:assignee>bgoodrich</ns6:assignee><ns6:variables/></ns6:task><ns6:option name="yes"><ns6:activities sequential="true" name="yesoption" key="_6AA33F79-5F9C-4E04-8CB2-A0C9F8D9A078" bypassable="false"><ns6:description></ns6:description><ns6:task name="picked yes" key="_8C029042-A736-4733-88E4-1C1D68845713" bypassable="false"><ns6:description></ns6:description><ns6:assignee>bgoodrich</ns6:assignee><ns6:variables/></ns6:task></ns6:activities></ns6:option><ns6:option name="no"><ns6:activities sequential="true" name="nooption" key="_BCC01D18-4C3F-40E2-8FE3-D541E8F2506B" bypassable="false"><ns6:description></ns6:description><ns6:task name="picked no" key="_3050A99F-36FC-49E6-B03A-17F06FE3ADEB" bypassable="false"><ns6:description></ns6:description><ns6:assignee>bgoodrich</ns6:assignee><ns6:variables/></ns6:task></ns6:activities></ns6:option></ns6:decision></ns6:activities><ns6:bypassAssignee>admin</ns6:bypassAssignee></ns6:process>