<?xml version="1.0" encoding="UTF-8" standalone="yes"?><ns6:process xmlns="http://www.omg.org/spec/BPMN/20100524/MODEL" xmlns:ns2="http://www.omg.org/spec/DD/20100524/DI" xmlns:ns3="http://www.omg.org/spec/BPMN/20100524/DI" xmlns:ns4="http://www.omg.org/spec/DD/20100524/DC" xmlns:ns5="http://www.wiredwidgets.org/cow/server/schema/service" xmlns:ns6="http://www.wiredwidgets.org/cow/server/schema/model-v2" xmlns:ns7="http://www.wiredwidgets.org/rem2/schema" name="PR_Basic_v4" key="PR_Basic_v4" maxId="0"><ns6:activities sequential="true" name="base" key="_A90267FC-7429-48F7-9B3A-612C3CD2BF3A"><ns6:task name="Task 1" key="_4F952FFA-9C13-47DC-9745-AB218B2B2FB7" bypassable="false"><ns6:description></ns6:description><ns6:assignee>mhowansky</ns6:assignee><ns6:variables><ns6:variable name="dataSource" value="source1"/><ns6:variable name="activityType" value="deciding"/></ns6:variables></ns6:task><ns6:task name="Task 2" key="_54B91D87-84DF-4587-9C3F-9031F0951482" bypassable="false"><ns6:description></ns6:description><ns6:assignee>mhowansky</ns6:assignee><ns6:variables><ns6:variable name="dataSource" value="source2"/><ns6:variable name="activityType" value="monitoring"/></ns6:variables></ns6:task></ns6:activities><ns6:bypassAssignee>admin</ns6:bypassAssignee></ns6:process>