<?xml version="1.0" encoding="UTF-8" standalone="yes"?><ns6:process xmlns="http://www.omg.org/spec/BPMN/20100524/MODEL" xmlns:ns2="http://www.omg.org/spec/DD/20100524/DI" xmlns:ns3="http://www.omg.org/spec/BPMN/20100524/DI" xmlns:ns4="http://www.omg.org/spec/DD/20100524/DC" xmlns:ns5="http://www.wiredwidgets.org/cow/server/schema/service" xmlns:ns6="http://www.wiredwidgets.org/cow/server/schema/model-v2" xmlns:ns7="http://www.wiredwidgets.org/rem2/schema" name="ReadBook" key="ReadBook" maxId="0"><ns6:activities sequential="true" name="base" key="_FCF85D6D-FF82-4128-9922-2C90991279FD"><ns6:task name="Choose book to read" key="_6D0C351A-E83A-4664-88D5-0F1FB01E5D51" bypassable="false"><ns6:description>not much else to say</ns6:description><ns6:assignee>lisa</ns6:assignee><ns6:variables/></ns6:task><ns6:task name="Choose comfy place to read" key="_84E49276-2C97-4CD8-8FA9-0D58BFE1DB95" bypassable="false"><ns6:description>favorite chair, etc</ns6:description><ns6:assignee>mhowansky</ns6:assignee><ns6:variables/></ns6:task></ns6:activities><ns6:variables/><ns6:bypassAssignee>admin</ns6:bypassAssignee></ns6:process>