<?xml version="1.0" encoding="UTF-8" standalone="yes"?><ns6:process xmlns="http://www.omg.org/spec/BPMN/20100524/MODEL" xmlns:ns2="http://www.omg.org/spec/DD/20100524/DI" xmlns:ns3="http://www.omg.org/spec/BPMN/20100524/DI" xmlns:ns4="http://www.omg.org/spec/DD/20100524/DC" xmlns:ns5="http://www.wiredwidgets.org/cow/server/schema/service" xmlns:ns6="http://www.wiredwidgets.org/cow/server/schema/model-v2" xmlns:ns7="http://www.wiredwidgets.org/rem2/schema" name="serviceTask-post" key="serviceTask-post"><ns6:activities sequential="true" name="base" key="base"><ns6:serviceTask name="ST" bypassable="false"><ns6:description></ns6:description><ns6:method>POST</ns6:method><ns6:url>http://localhost:8080/cow-server/users</ns6:url><ns6:content>&lt;user xmlns="http://www.wiredwidgets.org/cow/server/schema/service"&gt;
      &lt;id&gt;tst&lt;/id&gt;
      &lt;firstName&gt;${name}&lt;/firstName&gt;
      &lt;lastName&gt;Chin&lt;/lastName&gt;
      &lt;email&gt;alex@jbpm.org&lt;/email&gt;
   &lt;/user&gt;</ns6:content><ns6:var>users</ns6:var></ns6:serviceTask></ns6:activities><ns6:bypassAssignee>admin</ns6:bypassAssignee></ns6:process>