<?xml version="1.0" encoding="UTF-8" standalone="yes"?><ns6:process xmlns="http://www.omg.org/spec/BPMN/20100524/MODEL" xmlns:ns2="http://www.omg.org/spec/DD/20100524/DI" xmlns:ns3="http://www.omg.org/spec/BPMN/20100524/DI" xmlns:ns4="http://www.omg.org/spec/DD/20100524/DC" xmlns:ns5="http://www.wiredwidgets.org/cow/server/schema/service" xmlns:ns6="http://www.wiredwidgets.org/cow/server/schema/model-v2" xmlns:ns7="http://www.wiredwidgets.org/rem2/schema" name="st" key="st" maxId="0"><ns6:activities sequential="true" name="base" key="_9B999080-711A-4D13-8B3A-B6EE7770A61F"><ns6:serviceTask name="ServiceTask 1" key="_DC49D1FC-12B5-426A-A361-FA29232D9901" bypassable="false"><ns6:description>a</ns6:description><ns6:method>GET</ns6:method><ns6:url>http:google.com</ns6:url><ns6:var>a</ns6:var></ns6:serviceTask></ns6:activities><ns6:bypassAssignee>admin</ns6:bypassAssignee></ns6:process>