<?xml version="1.0" encoding="UTF-8" standalone="yes"?><ns6:process xmlns="http://www.omg.org/spec/BPMN/20100524/MODEL" xmlns:ns2="http://www.omg.org/spec/DD/20100524/DI" xmlns:ns3="http://www.omg.org/spec/BPMN/20100524/DI" xmlns:ns4="http://www.omg.org/spec/DD/20100524/DC" xmlns:ns5="http://www.wiredwidgets.org/cow/server/schema/service" xmlns:ns6="http://www.wiredwidgets.org/cow/server/schema/model-v2" xmlns:ns7="http://www.wiredwidgets.org/rem2/schema" name="subproctest" key="subproctest" maxId="0"><ns6:activities sequential="true" name="base" key="_E8116D3E-B866-4E02-802A-A0E642909B3F"><ns6:task name="Task 1" key="_0A2F5490-F535-4768-980B-F87FF0092694" bypassable="false"><ns6:description></ns6:description><ns6:assignee>brosenberg</ns6:assignee><ns6:variables/></ns6:task><ns6:subProcess sub-process-key="BrianTempSvc" name="SubProcess 1" key="_0FA7A054-4945-4152-962A-556358D2FFDC" bypassable="false"/><ns6:task name="Task 3" key="_3837CAAB-7E94-4649-8608-E311827D4618" bypassable="false"><ns6:description></ns6:description><ns6:assignee>brosenberg</ns6:assignee><ns6:variables/></ns6:task></ns6:activities><ns6:bypassAssignee>admin</ns6:bypassAssignee></ns6:process>