<?xml version="1.0" encoding="UTF-8" standalone="yes"?><ns6:process xmlns="http://www.omg.org/spec/BPMN/20100524/MODEL" xmlns:ns2="http://www.omg.org/spec/DD/20100524/DI" xmlns:ns3="http://www.omg.org/spec/BPMN/20100524/DI" xmlns:ns4="http://www.omg.org/spec/DD/20100524/DC" xmlns:ns5="http://www.wiredwidgets.org/cow/server/schema/service" xmlns:ns6="http://www.wiredwidgets.org/cow/server/schema/model-v2" xmlns:ns7="http://www.wiredwidgets.org/rem2/schema" name="TailorTestnew" key="TailorTestnew" maxId="0"><ns6:activities sequential="true" name="base" key="_8AEEEAAC-78FD-422B-BDC7-B19AEF306A9F"><ns6:task name="Task 1" key="_F44E97D4-F5AA-4B0A-B89D-8A960402E212" bypassable="false"><ns6:description></ns6:description><ns6:assignee>mhowansky</ns6:assignee><ns6:variables><ns6:variable name="dataSource" value="Oregon Population"/><ns6:variable name="activityType" value="Deciding"/></ns6:variables></ns6:task></ns6:activities><ns6:bypassAssignee>admin</ns6:bypassAssignee></ns6:process>