<?xml version="1.0" encoding="UTF-8" standalone="yes"?><ns6:process xmlns="http://www.omg.org/spec/BPMN/20100524/MODEL" xmlns:ns2="http://www.omg.org/spec/DD/20100524/DI" xmlns:ns3="http://www.omg.org/spec/BPMN/20100524/DI" xmlns:ns4="http://www.omg.org/spec/DD/20100524/DC" xmlns:ns5="http://www.wiredwidgets.org/cow/server/schema/service" xmlns:ns6="http://www.wiredwidgets.org/cow/server/schema/model-v2" xmlns:ns7="http://www.wiredwidgets.org/rem2/schema" name="taskandcopy" key="taskandcopy" maxId="0"><ns6:activities sequential="true" name="base" key="_C2994EC8-CA33-46EB-8419-BE670C360481"><ns6:task name="task1" key="_3527D53B-10FA-4958-94A7-D5E2FF9A5735" bypassable="false"><ns6:description></ns6:description><ns6:assignee>mhowansky</ns6:assignee><ns6:variables/></ns6:task><ns6:activities sequential="true" name="PR_Basic_V2" key="_236BEDB5-C893-4A2D-9F9D-191DB9CAF835" bypassable="false"><ns6:description></ns6:description><ns6:task name="Get PR Event Details" key="_AFC23550-0F2B-4B2D-8CFE-04A92D71AA48" bypassable="false"><ns6:description>........</ns6:description><ns6:candidateGroups>SIDO</ns6:candidateGroups><ns6:variables><ns6:variable name="Additional Info 1" value="Monitoring"/><ns6:variable name="Additional Info 2" value="CIV data source"/></ns6:variables></ns6:task><ns6:task name="Run Model" key="_CE108C8D-BD0A-4168-A77E-1C79BBB92028" bypassable="false"><ns6:description>Run DS Model</ns6:description><ns6:candidateGroups>SIDO</ns6:candidateGroups><ns6:variables/></ns6:task><ns6:task name="Select COA" key="_4728CE1A-CBBD-408A-AA21-7F009A778ED5" bypassable="false"><ns6:description>.........</ns6:description><ns6:candidateGroups>SIDO</ns6:candidateGroups><ns6:variables><ns6:variable name="Additional Info 1" value="Deciding"/><ns6:variable name="Additional Info 2" value="Decision Spaces"/></ns6:variables></ns6:task></ns6:activities></ns6:activities><ns6:bypassAssignee>admin</ns6:bypassAssignee></ns6:process>