<?xml version="1.0" encoding="UTF-8" standalone="yes"?><ns6:process xmlns="http://www.omg.org/spec/BPMN/20100524/MODEL" xmlns:ns2="http://www.omg.org/spec/DD/20100524/DI" xmlns:ns3="http://www.omg.org/spec/BPMN/20100524/DI" xmlns:ns4="http://www.omg.org/spec/DD/20100524/DC" xmlns:ns5="http://www.wiredwidgets.org/cow/server/schema/service" xmlns:ns6="http://www.wiredwidgets.org/cow/server/schema/model-v2" xmlns:ns7="http://www.wiredwidgets.org/rem2/schema" name="TestVariablePropagation" key="TestVariablePropagation" maxId="0"><ns6:activities sequential="true" name="base" key="_FC0B2EC8-B3DD-4DEE-9351-82937557CB9C"><ns6:task name="Task 1" key="_1164EDF8-3357-4313-8E1E-A612FF45C54E" bypassable="false"><ns6:description></ns6:description><ns6:assignee>bgoodrich</ns6:assignee><ns6:variables><ns6:variable name="IDEAMNoun" value="Task1"/></ns6:variables></ns6:task><ns6:task name="Task 2" key="_04DDB638-2D82-4320-80D3-0A9FA7CCE68D" bypassable="false"><ns6:description></ns6:description><ns6:assignee>bgoodrich</ns6:assignee><ns6:variables><ns6:variable name="IDEAMNoun" value="Task2"/></ns6:variables></ns6:task></ns6:activities><ns6:bypassAssignee>admin</ns6:bypassAssignee></ns6:process>