<?xml version="1.0" encoding="UTF-8" standalone="yes"?><ns6:process xmlns="http://www.omg.org/spec/BPMN/20100524/MODEL" xmlns:ns2="http://www.omg.org/spec/DD/20100524/DI" xmlns:ns3="http://www.omg.org/spec/BPMN/20100524/DI" xmlns:ns4="http://www.omg.org/spec/DD/20100524/DC" xmlns:ns5="http://www.wiredwidgets.org/cow/server/schema/service" xmlns:ns6="http://www.wiredwidgets.org/cow/server/schema/model-v2" xmlns:ns7="http://www.wiredwidgets.org/rem2/schema" name="testTable" key="testTable" maxId="0"><ns6:activities sequential="true" name="base" key="_A631BEBC-8A5F-43FA-8620-1BBCA2F53E80"><ns6:task name="Task 1" key="_B713F108-D65E-4628-AD2F-639B04DCFF1B" bypassable="false"><ns6:description></ns6:description><ns6:assignee>mhowansky</ns6:assignee><ns6:variables/></ns6:task></ns6:activities><ns6:bypassAssignee>admin</ns6:bypassAssignee></ns6:process>