<?xml version="1.0" encoding="UTF-8" standalone="yes"?><ns6:process xmlns="http://www.omg.org/spec/BPMN/20100524/MODEL" xmlns:ns2="http://www.omg.org/spec/DD/20100524/DI" xmlns:ns3="http://www.omg.org/spec/BPMN/20100524/DI" xmlns:ns4="http://www.omg.org/spec/DD/20100524/DC" xmlns:ns5="http://www.wiredwidgets.org/cow/server/schema/service" xmlns:ns6="http://www.wiredwidgets.org/cow/server/schema/model-v2" xmlns:ns7="http://www.wiredwidgets.org/rem2/schema" name="testerM" key="testerM"><ns6:activities sequential="true" name="base" key="base"><ns6:decision name="Decision 1" key="Decision 1" bypassable="false"><ns6:description>azsdsad</ns6:description><ns6:task name="?" key="_2" bypassable="false"><ns6:description></ns6:description><ns6:assignee>mhowansky</ns6:assignee><ns6:variables/></ns6:task><ns6:option name="Option 3"><ns6:activities sequential="true" name="Option 3option" key="Option 3option" bypassable="true" wrapped="false"><ns6:description>description 1</ns6:description><ns6:task name="Task 2" key="_7" bypassable="false"><ns6:description>task Dedc</ns6:description><ns6:assignee>mhowansky</ns6:assignee><ns6:variables><ns6:variable name="Additional Info 1" value="as"/></ns6:variables></ns6:task></ns6:activities></ns6:option><ns6:option name="Option 5"><ns6:activities sequential="true" name="Option 5option" key="Option 5option" bypassable="true" wrapped="false"><ns6:description>description adsadsad</ns6:description><ns6:task name="Task 4" key="_11" bypassable="false"><ns6:description>desacsafs fd f</ns6:description><ns6:candidateGroups>group1</ns6:candidateGroups><ns6:variables/></ns6:task></ns6:activities></ns6:option></ns6:decision></ns6:activities><ns6:bypassAssignee>admin</ns6:bypassAssignee></ns6:process>