<?xml version="1.0" encoding="UTF-8" standalone="yes"?><ns6:process xmlns="http://www.omg.org/spec/BPMN/20100524/MODEL" xmlns:ns2="http://www.omg.org/spec/DD/20100524/DI" xmlns:ns3="http://www.omg.org/spec/BPMN/20100524/DI" xmlns:ns4="http://www.omg.org/spec/DD/20100524/DC" xmlns:ns5="http://www.wiredwidgets.org/cow/server/schema/service" xmlns:ns6="http://www.wiredwidgets.org/cow/server/schema/model-v2" xmlns:ns7="http://www.wiredwidgets.org/rem2/schema" name="TestKeys2_3_DenimTest" key="TestKeys2_3_DenimTest" maxId="0"><ns6:activities sequential="true" key="_68EA617D-FF12-4751-8812-DA3EBEC87F85"><ns6:decision name="Pick an option" key="_97C8AE9D-0D87-4E29-A7AB-ACCCDB15F2C5" bypassable="false"><ns6:description></ns6:description><ns6:task name="Which recommended node was chosen?" key="_2" bypassable="false"><ns6:description></ns6:description><ns6:assignee>lisa</ns6:assignee><ns6:variables/></ns6:task><ns6:option name="TestKeys1"><ns6:activities sequential="true" name="TestKeys1option" key="_14944C60-3258-4CF9-B573-C715CBCD6A5D" bypassable="false"><ns6:description></ns6:description><ns6:task name="_3" key="_E2EECBA3-4BB6-4FE5-BD88-543B8319D815" bypassable="false"><ns6:description></ns6:description><ns6:assignee>mhowansky</ns6:assignee><ns6:variables/></ns6:task></ns6:activities></ns6:option><ns6:option name="ReadBook"><ns6:activities sequential="true" name="ReadBookoption" key="_638C2280-7489-4174-B877-F787A9111624" bypassable="false"><ns6:description></ns6:description><ns6:task name="_2" key="_37B7D622-B851-4AEB-A423-7EAE0E1B1064" bypassable="false"><ns6:description></ns6:description><ns6:assignee>mhowansky</ns6:assignee><ns6:variables/></ns6:task></ns6:activities></ns6:option><ns6:option name="TestKeys1"><ns6:activities sequential="true" name="TestKeys1option" key="_BE610FD7-D908-4DB2-BCC9-66E5F522AAFA" bypassable="false"><ns6:description></ns6:description><ns6:task name="_4" key="_87CB6E01-BB96-4EA2-9FF6-F1349435BEEF" bypassable="false"><ns6:description></ns6:description><ns6:assignee>mhowansky</ns6:assignee><ns6:variables/></ns6:task></ns6:activities></ns6:option><ns6:option name="ReadBook"><ns6:activities sequential="true" name="ReadBookoption" key="_9573D81C-F636-4431-A34A-EA3E07C959AA" bypassable="false"><ns6:description></ns6:description><ns6:task name="_5" key="_79072B45-716A-44B9-A8A0-C015FC67F8AB" bypassable="false"><ns6:description></ns6:description><ns6:assignee>mhowansky</ns6:assignee><ns6:variables/></ns6:task></ns6:activities></ns6:option><ns6:option name="TestKeys2"><ns6:activities sequential="true" name="TestKeys2option" key="_8CA7EBC3-5A2A-47B4-871E-5D42BC27D35A" bypassable="false"><ns6:description></ns6:description><ns6:task name="_2" key="_55C3D208-5BB3-473A-B1DD-727565E3AF01" bypassable="false"><ns6:description></ns6:description><ns6:assignee>mhowansky</ns6:assignee><ns6:variables/></ns6:task></ns6:activities></ns6:option><ns6:option name="TestKeys2"><ns6:activities sequential="true" name="TestKeys2option" key="_DE5B8967-A594-4AAF-95E2-62F6342B1B50" bypassable="false"><ns6:description></ns6:description><ns6:task name="0" key="_5434D0AD-5C1C-47E1-AE69-B7CEDF11BDEE" bypassable="false"><ns6:description></ns6:description><ns6:assignee>mhowansky</ns6:assignee><ns6:variables/></ns6:task></ns6:activities></ns6:option><ns6:option name="TestKeys1"><ns6:activities sequential="true" name="TestKeys1option" key="_88A03A7E-A064-4C18-96B4-71304510C460" bypassable="false"><ns6:description></ns6:description><ns6:task name="0" key="_445093DD-3B1C-403A-9568-CB1621CDEB3A" bypassable="false"><ns6:description></ns6:description><ns6:assignee>mhowansky</ns6:assignee><ns6:variables/></ns6:task></ns6:activities></ns6:option><ns6:option name="TestKeys1"><ns6:activities sequential="true" name="TestKeys1option" key="_CF58867A-BCE7-4378-B46E-8ED9EC35E758" bypassable="false"><ns6:description></ns6:description><ns6:task name="_2" key="_0D6C16AA-19EA-48FF-99C5-33B62F839E40" bypassable="false"><ns6:description></ns6:description><ns6:assignee>mhowansky</ns6:assignee><ns6:variables/></ns6:task></ns6:activities></ns6:option><ns6:option name="TestKeys1"><ns6:activities sequential="true" name="TestKeys1option" key="_45C9CA44-5CB9-447C-8A19-B2F17093166D" bypassable="false"><ns6:description></ns6:description><ns6:task name="0" key="_6F94134D-059B-436B-9B11-1E7A21D0607B" bypassable="false"><ns6:description></ns6:description><ns6:assignee>mhowansky</ns6:assignee><ns6:variables/></ns6:task></ns6:activities></ns6:option><ns6:option name="Picnic"><ns6:activities sequential="true" name="Picnicoption" key="_D060CFBB-7BAE-4834-B2A6-FCF78F0531EB" bypassable="false"><ns6:description></ns6:description><ns6:task name="Read a good bookoption" key="_5FEF3491-E917-475B-9114-0CC43DF9B2F6" bypassable="false"><ns6:description></ns6:description><ns6:assignee>mhowansky</ns6:assignee><ns6:variables/></ns6:task></ns6:activities></ns6:option></ns6:decision></ns6:activities><ns6:bypassAssignee>admin</ns6:bypassAssignee></ns6:process>