<?xml version="1.0" encoding="UTF-8" standalone="yes"?><ns6:process xmlns="http://www.omg.org/spec/BPMN/20100524/MODEL" xmlns:ns2="http://www.omg.org/spec/DD/20100524/DI" xmlns:ns3="http://www.omg.org/spec/BPMN/20100524/DI" xmlns:ns4="http://www.omg.org/spec/DD/20100524/DC" xmlns:ns5="http://www.wiredwidgets.org/cow/server/schema/service" xmlns:ns6="http://www.wiredwidgets.org/cow/server/schema/model-v2" xmlns:ns7="http://www.wiredwidgets.org/rem2/schema" name="TestKeys2" key="TestKeys2" maxId="5"><ns6:activities sequential="true" name="base" key="base"><ns6:task name="Random 1st Step - TK2" key="_2" bypassable="false"><ns6:description></ns6:description><ns6:assignee>tst</ns6:assignee><ns6:variables/></ns6:task><ns6:activities sequential="true" name="ReadBookTk2" key="" bypassable="false"><ns6:description></ns6:description><ns6:task name="Choose book to read" key="_3" bypassable="false"><ns6:description>not much else to say</ns6:description><ns6:assignee>lisa</ns6:assignee><ns6:variables/></ns6:task><ns6:task name="Choose comfy place to read" key="_4" bypassable="false"><ns6:description>favorite chair, etc</ns6:description><ns6:assignee>mhowansky</ns6:assignee><ns6:variables/></ns6:task></ns6:activities></ns6:activities><ns6:bypassAssignee>admin</ns6:bypassAssignee></ns6:process>