<?xml version="1.0" encoding="UTF-8" standalone="yes"?><ns6:process xmlns="http://www.omg.org/spec/BPMN/20100524/MODEL" xmlns:ns2="http://www.omg.org/spec/DD/20100524/DI" xmlns:ns3="http://www.omg.org/spec/BPMN/20100524/DI" xmlns:ns4="http://www.omg.org/spec/DD/20100524/DC" xmlns:ns5="http://www.wiredwidgets.org/cow/server/schema/service" xmlns:ns6="http://www.wiredwidgets.org/cow/server/schema/model-v2" xmlns:ns7="http://www.wiredwidgets.org/rem2/schema" name="v2-simple" key="undefined" maxId="0"><ns6:activities sequential="true" key="_52A61E60-01DF-4E9A-9558-00BF29AE8F9A"><ns6:task name="task two" key="_5A1C6B9F-04B3-4272-A27F-FB5719DFE806"><ns6:description>this is a description of task 2</ns6:description></ns6:task><ns6:task name="task one" key="_D8033DD1-B776-4F2C-A629-AC757FAEE98C"><ns6:description>this is a description of task 1</ns6:description><ns6:assignee>jkranes</ns6:assignee></ns6:task></ns6:activities></ns6:process>