<?xml version="1.0" encoding="UTF-8" standalone="yes"?><ns6:process xmlns="http://www.omg.org/spec/BPMN/20100524/MODEL" xmlns:ns2="http://www.omg.org/spec/DD/20100524/DI" xmlns:ns3="http://www.omg.org/spec/BPMN/20100524/DI" xmlns:ns4="http://www.omg.org/spec/DD/20100524/DC" xmlns:ns5="http://www.wiredwidgets.org/cow/server/schema/service" xmlns:ns6="http://www.wiredwidgets.org/cow/server/schema/model-v2" xmlns:ns7="http://www.wiredwidgets.org/rem2/schema" name="UnitTestWorkflow" key="UnitTestWorkflow" maxId="0"><ns6:activities sequential="true" key="_E6172441-FC38-4C33-965B-DBFE31169D8B"><ns6:task name="Task 1" key="_548892A8-50D7-48B8-9BE1-470257803019" bypassable="false"><ns6:description>Input Celsius Temperature</ns6:description><ns6:candidateGroups>SIDO</ns6:candidateGroups><ns6:variables><ns6:variable name="tempInput" value="0" output="true"/></ns6:variables></ns6:task><ns6:serviceTask name="ServiceTask 1" key="_4EB81D6D-2192-4E11-8671-DB095EA91FC0" bypassable="false"><ns6:description></ns6:description><ns6:method>POST</ns6:method><ns6:url>http://www.w3schools.com/webservices/tempconvert.asmx</ns6:url><ns6:content>&lt;soapenv:Envelope xmlns:soapenv="http://schemas.xmlsoap.org/soap/envelope/" xmlns:web="http://www.w3schools.com/webservices/"&gt;    &lt;soapenv:Header/&gt;    &lt;soapenv:Body&gt;       &lt;web:CelsiusToFahrenheit&gt;          &lt;!--Optional:--&gt;          &lt;web:Celsius&gt;${tempInput}&lt;/web:Celsius&gt;       &lt;/web:CelsiusToFahrenheit&gt;    &lt;/soapenv:Body&gt; &lt;/soapenv:Envelope&gt;</ns6:content><ns6:contentType>text/xml</ns6:contentType><ns6:var>resulttemp</ns6:var><ns6:resultSelectorXPath>//CelsiusToFahrenheitResult/text()</ns6:resultSelectorXPath></ns6:serviceTask><ns6:script name="script" key="_5C560DD7-09E6-43F9-A9A3-669686987158"><ns6:content>
            System.out.println("####script variables: " + variables); input = variables.get("tempInput"); result = variables.get("resulttemp"); message = input + " degrees Celsius equals " + result + " degrees Farenheight"; variables.put("message", message); System.out.println("####script variables: " + variables);
        </ns6:content></ns6:script><ns6:task name="task 4" key="_61177D17-E36E-4A5B-BAFA-BA0BA34F1BF6"><ns6:description>Result is in message variable</ns6:description><ns6:candidateGroups>SIDO</ns6:candidateGroups></ns6:task></ns6:activities></ns6:process>