<?xml version="1.0" encoding="UTF-8" standalone="yes"?><ns6:process xmlns="http://www.omg.org/spec/BPMN/20100524/MODEL" xmlns:ns2="http://www.omg.org/spec/DD/20100524/DI" xmlns:ns3="http://www.omg.org/spec/BPMN/20100524/DI" xmlns:ns4="http://www.omg.org/spec/DD/20100524/DC" xmlns:ns5="http://www.wiredwidgets.org/cow/server/schema/service" xmlns:ns6="http://www.wiredwidgets.org/cow/server/schema/model-v2" xmlns:ns7="http://www.wiredwidgets.org/rem2/schema" name="v2-simple" key="v2-simple" maxId="0"><ns6:activities sequential="true" name="List2" key="_DEBAC0BE-B49D-415A-8464-F7B7BEC995A5"><ns6:task name="task one" key="_70E96ED7-6C38-41BD-8055-6D1A1164CEE5"><ns6:description>this is a description of task 1</ns6:description><ns6:assignee>brosenberg</ns6:assignee><ns6:variables/></ns6:task><ns6:task name="task two!!" key="_D4B8A758-4E3D-4A8E-9AE8-1D9BC57B7EA5"><ns6:description>this is a description of task 2</ns6:description><ns6:assignee>brosenberg</ns6:assignee><ns6:variables><ns6:variable name="asdf" value="fdfdfdf" required="false" output="true"/></ns6:variables></ns6:task><ns6:task name="task three!" key="_1B96DB9E-6530-4624-8E7E-11D3B0F6F4BF"><ns6:variables/></ns6:task></ns6:activities><ns6:variables/></ns6:process>