<?xml version="1.0" encoding="UTF-8" standalone="yes"?><ns6:process xmlns="http://www.omg.org/spec/BPMN/20100524/MODEL" xmlns:ns2="http://www.omg.org/spec/DD/20100524/DI" xmlns:ns3="http://www.omg.org/spec/BPMN/20100524/DI" xmlns:ns4="http://www.omg.org/spec/DD/20100524/DC" xmlns:ns5="http://www.wiredwidgets.org/cow/server/schema/service" xmlns:ns6="http://www.wiredwidgets.org/cow/server/schema/model-v2" xmlns:ns7="http://www.wiredwidgets.org/rem2/schema" name="WF_APTest_SequentialTasks" key="WF_APTest_SequentialTasks" maxId="0"><ns6:activities sequential="true" name="base" key="_8FD18306-51E3-48D6-8BD0-A94F876FEBDD"><ns6:task name="SequentialTask_1" key="_F26D194A-437C-4413-A3C0-D64C0620A886" bypassable="false"><ns6:description>A Sequential Task</ns6:description><ns6:assignee>bgoodrich</ns6:assignee><ns6:variables/></ns6:task><ns6:task name="SequentialTask_2" key="_E7272837-503B-4D1A-9EA9-84B01F06666E" bypassable="false"><ns6:description>A Sequential Task</ns6:description><ns6:assignee>bgoodrich</ns6:assignee><ns6:variables/></ns6:task><ns6:task name="SequentialTask_3" key="_3EA44CD0-ADFE-4953-A73E-7F3210B65DCB" bypassable="false"><ns6:description>A Sequential Task</ns6:description><ns6:assignee>bgoodrich</ns6:assignee><ns6:variables/></ns6:task><ns6:task name="SequentialTask_4" key="_6B3922B0-BFFD-4CD4-B257-5CB9D4907125" bypassable="false"><ns6:description>A Sequential Task</ns6:description><ns6:assignee>bgoodrich</ns6:assignee><ns6:variables/></ns6:task><ns6:task name="SequentialTask_5" key="_EBFF2CAA-C6A8-4350-B626-FBB9B108950A" bypassable="false"><ns6:description>A Sequential Task</ns6:description><ns6:assignee>bgoodrich</ns6:assignee><ns6:variables/></ns6:task><ns6:task name="SequentialTask_6" key="_B7C50181-A4DA-4B00-8703-FF8C6F3BCDA6" bypassable="false"><ns6:description>A Sequential Task</ns6:description><ns6:assignee>bgoodrich</ns6:assignee><ns6:variables/></ns6:task><ns6:task name="SequentialTask_7" key="_C9F7F4E4-32BC-416E-B89A-2D449D33885D" bypassable="false"><ns6:description>A Sequential Task</ns6:description><ns6:assignee>bgoodrich</ns6:assignee><ns6:variables/></ns6:task><ns6:task name="SequentialTask_8" key="_C146AFCC-A5EB-4E39-BF58-986ABB099B62" bypassable="false"><ns6:description>A Sequential Task</ns6:description><ns6:assignee>bgoodrich</ns6:assignee><ns6:variables/></ns6:task></ns6:activities><ns6:bypassAssignee>admin</ns6:bypassAssignee></ns6:process>