<?xml version="1.0" encoding="UTF-8" standalone="yes"?><ns6:process xmlns="http://www.omg.org/spec/BPMN/20100524/MODEL" xmlns:ns2="http://www.omg.org/spec/DD/20100524/DI" xmlns:ns3="http://www.omg.org/spec/BPMN/20100524/DI" xmlns:ns4="http://www.omg.org/spec/DD/20100524/DC" xmlns:ns5="http://www.wiredwidgets.org/cow/server/schema/service" xmlns:ns6="http://www.wiredwidgets.org/cow/server/schema/model-v2" xmlns:ns7="http://www.wiredwidgets.org/rem2/schema" name="WF_ActiveProcessStatusTest1" key="WF_ActiveProcessStatusTest1" maxId="0"><ns6:activities sequential="true" name="List_APStatusTest1" key="_8597282D-0114-4966-8575-77153E318267"><ns6:description>List 1 (WF_APStatus)</ns6:description><ns6:task name="HumanTask_APTest1" key="_E2A2E0D4-589A-4B5D-9A2C-8E12304FC08E"><ns6:description>Test 1</ns6:description><ns6:assignee>bgoodrich</ns6:assignee><ns6:candidateUsers>bgoodrich</ns6:candidateUsers><ns6:candidateGroups>SIDO</ns6:candidateGroups><ns6:variables/></ns6:task><ns6:task name="HumanTask_APTest2" key="_1E860875-9F6F-4626-B9A5-DBB84B5830AC"><ns6:description>Test 2</ns6:description><ns6:assignee>bgoodrich</ns6:assignee><ns6:candidateUsers>bgoodrich</ns6:candidateUsers><ns6:candidateGroups>SIDO</ns6:candidateGroups><ns6:variables/></ns6:task><ns6:task name="HumanTask_APTest3" key="_D7C57D38-5692-40E8-82C9-B07E963C515E"><ns6:description>Test 3</ns6:description><ns6:assignee>bgoodrich</ns6:assignee><ns6:candidateUsers>bgoodrich</ns6:candidateUsers><ns6:candidateGroups>SIDO</ns6:candidateGroups><ns6:variables/></ns6:task><ns6:task name="HumanTask_APTest4" key="_A9E77641-4E83-42EF-A36B-59B38B5E4243"><ns6:description>Test 4</ns6:description><ns6:assignee>bgoodrich</ns6:assignee><ns6:candidateUsers>bgoodrich</ns6:candidateUsers><ns6:candidateGroups>SIDO</ns6:candidateGroups><ns6:variables/></ns6:task></ns6:activities><ns6:variables><ns6:variable name="varTest1" value="none" required="false" output="true"/><ns6:variable name="varTest2" value="true" required="false" output="true"/><ns6:variable name="varTest3" value="false" required="false" output="true"/></ns6:variables></ns6:process>