<?xml version="1.0" encoding="UTF-8" standalone="yes"?><ns6:process xmlns="http://www.omg.org/spec/BPMN/20100524/MODEL" xmlns:ns2="http://www.omg.org/spec/DD/20100524/DI" xmlns:ns3="http://www.omg.org/spec/BPMN/20100524/DI" xmlns:ns4="http://www.omg.org/spec/DD/20100524/DC" xmlns:ns5="http://www.wiredwidgets.org/cow/server/schema/service" xmlns:ns6="http://www.wiredwidgets.org/cow/server/schema/model-v2" xmlns:ns7="http://www.wiredwidgets.org/rem2/schema" name="WF_APTest_ConcurrentTasks" key="WF_APTest_ConcurrentTasks" maxId="0"><ns6:activities sequential="false" name="base" key="_EA0E422B-EEA2-4739-AE5E-3FA9BA26D9A9"><ns6:task name="T_APTest_Concurrent_1" key="_D89F9A66-0C2B-41D1-AD27-7F41E2633DC4" bypassable="false"><ns6:description></ns6:description><ns6:assignee>bgoodrich</ns6:assignee><ns6:variables/></ns6:task><ns6:task name="T_APTest_Concurrent_2" key="_2C5DB716-E060-45F0-B7DC-36B1CB5F0A98" bypassable="false"><ns6:description></ns6:description><ns6:assignee>bgoodrich</ns6:assignee><ns6:variables/></ns6:task><ns6:task name="T_APTest_Concurrent_3" key="_95113FC4-C205-42AA-9B97-A701FBBB3622" bypassable="false"><ns6:description></ns6:description><ns6:assignee>bgoodrich</ns6:assignee><ns6:variables/></ns6:task></ns6:activities><ns6:bypassAssignee>admin</ns6:bypassAssignee></ns6:process>