<?xml version="1.0" encoding="UTF-8" standalone="yes"?><ns6:process xmlns="http://www.omg.org/spec/BPMN/20100524/MODEL" xmlns:ns2="http://www.omg.org/spec/DD/20100524/DI" xmlns:ns3="http://www.omg.org/spec/BPMN/20100524/DI" xmlns:ns4="http://www.omg.org/spec/DD/20100524/DC" xmlns:ns5="http://www.wiredwidgets.org/cow/server/schema/service" xmlns:ns6="http://www.wiredwidgets.org/cow/server/schema/model-v2" xmlns:ns7="http://www.wiredwidgets.org/rem2/schema" name="Workflow_Demo_1" key="Workflow_Demo_1" maxId="0"><ns6:activities sequential="false" name="List" key="_C67552AC-F914-435C-9834-8C026081441A"><ns6:task name="HumanTask1" key="_47A01AA9-E5DC-403C-BF90-DE422D4CCA29"><ns6:variables/></ns6:task><ns6:task name="HumanTask2" key="_A9E41391-2A61-4B3E-B5E3-411F6FDD130C"><ns6:variables/></ns6:task><ns6:task name="HumanTask3" key="_EEF2EA9F-4B35-4ECB-B602-C21208F571C2"><ns6:variables/></ns6:task><ns6:activities sequential="false" name="List2" key="_4E25B0FB-B011-47D2-9428-E194811056DA"><ns6:task name="HumanTask1" key="_D1DF34D7-1BE0-4333-A328-010E9C100DB3"><ns6:variables/></ns6:task><ns6:task name="HumanTask2" key="_650C8544-C504-445C-8987-AA09F1E04012"><ns6:variables/></ns6:task><ns6:task name="HumanTask3" key="_5EBF68F2-6C91-4DB5-8EAE-C862DB2C32A3"><ns6:variables/></ns6:task><ns6:task name="HumanTask4" key="_B2DCEBAA-2EC3-4768-ADCA-41C1D11E73C3"><ns6:variables/></ns6:task><ns6:activities sequential="false" name="List3" key="_1610ABAA-9C50-4FD5-AA70-EFF2FF0E79FE"><ns6:task name="HumanTask1" key="_B4829166-8B46-4C47-AA52-701013AA5FCC"><ns6:variables/></ns6:task><ns6:task name="HumanTask2" key="_65087876-92FD-4552-B501-8AED1761E5D0"><ns6:variables/></ns6:task><ns6:activities sequential="false" name="List4" key="_CB95E039-C3D7-49B6-AC9A-611D634608C7"><ns6:task name="HumanTask1" key="_1CBD0D53-97E0-41CE-9C4A-B8F123AE6409"><ns6:variables/></ns6:task><ns6:task name="HumanTask2" key="_1FC0C59A-1102-4007-9819-597125A3EB8B"><ns6:variables/></ns6:task><ns6:task name="HumanTask3" key="_A6B07EE9-46FB-493C-B4F2-C55C69CAF458"><ns6:variables/></ns6:task><ns6:task name="HumanTask4" key="_7B7185D5-C624-4AC9-A68A-83332B29FC6B"><ns6:variables/></ns6:task><ns6:task name="HumanTask5" key="_2C4044BD-363E-4195-8CEE-C0E7B9EAEE07"><ns6:variables/></ns6:task></ns6:activities></ns6:activities></ns6:activities></ns6:activities><ns6:variables/></ns6:process>