<?xml version="1.0" encoding="UTF-8" standalone="yes"?><ns6:process xmlns="http://www.omg.org/spec/BPMN/20100524/MODEL" xmlns:ns2="http://www.omg.org/spec/DD/20100524/DI" xmlns:ns3="http://www.omg.org/spec/BPMN/20100524/DI" xmlns:ns4="http://www.omg.org/spec/DD/20100524/DC" xmlns:ns5="http://www.wiredwidgets.org/cow/server/schema/service" xmlns:ns6="http://www.wiredwidgets.org/cow/server/schema/model-v2" xmlns:ns7="http://www.wiredwidgets.org/rem2/schema" name="Workflow_4" key="Workflow_4" maxId="0"><ns6:activities sequential="true" name="List" key="_ABB81AAC-DEA9-4C6B-AC2D-AA45012844CA"><ns6:task name="Task 1" key="_8BF4F7A9-BA19-45A9-A7EB-A7734F09892C"><ns6:variables/></ns6:task><ns6:task name="Task 2" key="_D7B2861B-F1E2-45CD-8D59-063BD48EC517"><ns6:variables/></ns6:task><ns6:task name="Task 3" key="_0665F02A-3DE3-4694-B196-5D79E60C577B"><ns6:assignee>bgoodrich</ns6:assignee><ns6:variables/></ns6:task><ns6:task name="Task 4" key="_53B5BE9E-A6C7-48C1-B4E6-EB0A08CE5FC5" bypassable="false"><ns6:assignee>bgoodrich</ns6:assignee><ns6:variables/></ns6:task></ns6:activities><ns6:variables/></ns6:process>