<?xml version="1.0" encoding="UTF-8" standalone="yes"?><ns6:process xmlns="http://www.omg.org/spec/BPMN/20100524/MODEL" xmlns:ns2="http://www.omg.org/spec/DD/20100524/DI" xmlns:ns3="http://www.omg.org/spec/BPMN/20100524/DI" xmlns:ns4="http://www.omg.org/spec/DD/20100524/DC" xmlns:ns5="http://www.wiredwidgets.org/cow/server/schema/service" xmlns:ns6="http://www.wiredwidgets.org/cow/server/schema/model-v2" xmlns:ns7="http://www.wiredwidgets.org/rem2/schema" name="Workflow" key="Workflow" maxId="0"><ns6:activities sequential="true" name="List" key="_019B1808-57FB-4150-B1F3-3369797B9AFC"><ns6:task name="Task 1" key="_CA301A82-FDB7-4147-8C0E-03AD8EE2FFC6"><ns6:assignee>bgoodrich</ns6:assignee><ns6:variables/></ns6:task><ns6:task name="Task 2" key="_4365EC25-77F2-41F3-9283-31E80F0FF2CB"><ns6:assignee>bgoodrich</ns6:assignee><ns6:variables/></ns6:task><ns6:task name="Task 3" key="_02078766-44BA-4950-9F9F-45E35E79D1A9"><ns6:assignee>bgoodrich</ns6:assignee><ns6:variables/></ns6:task><ns6:task name="Task 4" key="_60CBC3C7-928E-4B11-9A7A-7CE73F37F6EB"><ns6:assignee>bgoodrich</ns6:assignee><ns6:variables/></ns6:task></ns6:activities><ns6:variables/></ns6:process>