<?xml version="1.0" encoding="UTF-8" standalone="yes"?><ns6:process xmlns="http://www.omg.org/spec/BPMN/20100524/MODEL" xmlns:ns2="http://www.omg.org/spec/DD/20100524/DI" xmlns:ns3="http://www.omg.org/spec/BPMN/20100524/DI" xmlns:ns4="http://www.omg.org/spec/DD/20100524/DC" xmlns:ns5="http://www.wiredwidgets.org/cow/server/schema/service" xmlns:ns6="http://www.wiredwidgets.org/cow/server/schema/model-v2" xmlns:ns7="http://www.wiredwidgets.org/rem2/schema" name="Workflow_Demo" key="Workflow_Demo" maxId="0"><ns6:activities sequential="true" name="List" key="_8991A1B1-D602-4E65-AE4D-97E1A2992254"><ns6:task name="HumanTask" key="_122EAFA1-7F22-4892-BE8F-680BCD4F5F6F"><ns6:assignee>bgoodrich</ns6:assignee><ns6:variables/></ns6:task><ns6:task name="HumanTask2" key="_607CFE1D-1532-4455-B271-7424D45FDF05"><ns6:assignee>bgoodrich</ns6:assignee><ns6:variables/></ns6:task><ns6:task name="HumanTask3" key="_FA14BBC8-37EA-4A00-887B-4D914FE39B49"><ns6:assignee>bgoodrich</ns6:assignee><ns6:variables/></ns6:task></ns6:activities><ns6:variables/></ns6:process>