<?xml version="1.0" encoding="UTF-8" standalone="yes"?><ns6:process xmlns="http://www.omg.org/spec/BPMN/20100524/MODEL" xmlns:ns2="http://www.omg.org/spec/DD/20100524/DI" xmlns:ns3="http://www.omg.org/spec/BPMN/20100524/DI" xmlns:ns4="http://www.omg.org/spec/DD/20100524/DC" xmlns:ns5="http://www.wiredwidgets.org/cow/server/schema/service" xmlns:ns6="http://www.wiredwidgets.org/cow/server/schema/model-v2" xmlns:ns7="http://www.wiredwidgets.org/rem2/schema" name="A2C2-PR-Z" key="A2C2-PR-Z" maxId="13"><ns6:activities sequential="true" name="base" key="_6AD78C80-EC5C-4DB0-97E2-CDDA19B34E25"><ns6:activities sequential="true" name="Report" key="_FAB6771C-4698-4D9D-B905-8B257352BD83" bypassable="false"><ns6:description></ns6:description><ns6:task name="Notification of Isolated Personnel" key="_72BE05FB-C3EA-4189-A85A-090C27D18BB5" bypassable="false"><ns6:description></ns6:description><ns6:candidateGroups>SIDO</ns6:candidateGroups><ns6:variables><ns6:variable name="Additional Info 1" value="Monitoring"/><ns6:variable name="Additional Info 2" value="PRMS Simulator"/><ns6:variable name="activityType" value="Monitoring"/><ns6:variable name="dataSource" value="PRMS Simulator"/></ns6:variables></ns6:task></ns6:activities><ns6:activities sequential="true" name="Locate" key="_4E43A09F-C38D-4D45-8B36-8886672A7C44" bypassable="false"><ns6:description></ns6:description><ns6:task name="Use UAVs to locate isolated personnel" key="_EC3C156D-7C62-436B-BF7D-74F36AE9A002" bypassable="false"><ns6:description></ns6:description><ns6:candidateGroups>SIDO</ns6:candidateGroups><ns6:variables><ns6:variable name="Additional Info 1" value="Monitoring"/><ns6:variable name="Additional Info 2" value="UAS"/><ns6:variable name="activityType" value="Monitoring"/><ns6:variable name="dataSource" value="UAS"/></ns6:variables></ns6:task><ns6:task name="Locate Isolated Personnel" key="_AAD3640B-69B5-412F-B3C9-3CFBC38C9128" bypassable="false"><ns6:description></ns6:description><ns6:candidateGroups>SIDO</ns6:candidateGroups><ns6:variables><ns6:variable name="Additional Info 1" value="Monitoring"/><ns6:variable name="Additional Info 2" value="AMCITS"/><ns6:variable name="activityType" value="Monitoring"/><ns6:variable name="dataSource" value="AMCITS"/></ns6:variables></ns6:task><ns6:task name="Confirm and Authenticate Personnel" key="_22BBA952-3BE9-40AE-9523-257A4B87C786" bypassable="false"><ns6:description></ns6:description><ns6:candidateGroups>SIDO</ns6:candidateGroups><ns6:variables><ns6:variable name="Additional Info 1" value="Monitoring"/><ns6:variable name="Additional Info 2" value="PRMS Simulator"/><ns6:variable name="activityType" value="Monitoring"/><ns6:variable name="dataSource" value="PRMS Simulator"/></ns6:variables></ns6:task></ns6:activities><ns6:activities sequential="true" name="Support" key="_4CCAF291-D0A5-4E4E-8B8F-A66F51D84A4F" bypassable="false"><ns6:description></ns6:description><ns6:task name="Get Area Population" key="_B0B8F0EB-18B0-4E1D-8897-04F63A7F3C1A" bypassable="false"><ns6:description></ns6:description><ns6:candidateGroups>SIDO</ns6:candidateGroups><ns6:variables><ns6:variable name="Additional Info 1" value="Monitoring"/><ns6:variable name="Additional Info 2" value="Oregon Population"/><ns6:variable name="activityType" value="Monitoring"/><ns6:variable name="dataSource" value="Oregon Population"/></ns6:variables></ns6:task><ns6:task name="Generate Possible COAs" key="_DC3F0160-B790-4498-9A67-7EB6C6E0CD40" bypassable="false"><ns6:description></ns6:description><ns6:candidateGroups>SIDO</ns6:candidateGroups><ns6:variables><ns6:variable name="activityType" value=" "/><ns6:variable name="dataSource" value="none"/></ns6:variables></ns6:task><ns6:task name="Select Course of Action" key="_C6707893-FD27-4A01-8121-E1D8D95473FD" bypassable="false"><ns6:description></ns6:description><ns6:candidateGroups>SIDO</ns6:candidateGroups><ns6:variables><ns6:variable name="Additional Info 1" value="Deciding"/><ns6:variable name="Additional Info 2" value="Decision Spaces Local"/><ns6:variable name="activityType" value="Deciding"/><ns6:variable name="dataSource" value="Decision Spaces Local"/></ns6:variables></ns6:task></ns6:activities><ns6:activities sequential="true" name="Recover" key="_EC559364-1A57-4D95-858B-72804F1FED41" bypassable="false"><ns6:description></ns6:description><ns6:task name="Execute Recovery" key="_D26684FF-88A4-47CD-AA59-AAE3788FD70D" bypassable="false"><ns6:description></ns6:description><ns6:candidateGroups>SIDO</ns6:candidateGroups><ns6:variables><ns6:variable name="Additional Info 1" value="Monitoring"/><ns6:variable name="Additional Info 2" value="Rescuer"/><ns6:variable name="activityType" value="Monitoring"/><ns6:variable name="dataSource" value="Rescuers"/></ns6:variables></ns6:task><ns6:task name="Monitor Recovery" key="_56162DAF-A7C9-420A-8B3B-B2938E900DF1" bypassable="false"><ns6:description></ns6:description><ns6:candidateGroups>SIDO</ns6:candidateGroups><ns6:variables><ns6:variable name="Additional Info 1" value="Monitoring"/><ns6:variable name="Additional Info 2" value="Dash KML Merge"/><ns6:variable name="activityType" value="Monitoring"/><ns6:variable name="dataSource" value="Dash KML Merge"/></ns6:variables></ns6:task></ns6:activities></ns6:activities><ns6:bypassAssignee>admin</ns6:bypassAssignee></ns6:process>