<?xml version="1.0" encoding="UTF-8" standalone="yes"?><ns6:process xmlns="http://www.omg.org/spec/BPMN/20100524/MODEL" xmlns:ns2="http://www.omg.org/spec/DD/20100524/DI" xmlns:ns3="http://www.omg.org/spec/BPMN/20100524/DI" xmlns:ns4="http://www.omg.org/spec/DD/20100524/DC" xmlns:ns5="http://www.wiredwidgets.org/cow/server/schema/service" xmlns:ns6="http://www.wiredwidgets.org/cow/server/schema/model-v2" xmlns:ns7="http://www.wiredwidgets.org/rem2/schema" name="AIC14_AddApproval" key="AIC14_AddApproval" maxId="0"><ns6:activities sequential="true" name="base" key="_047DEEE3-2EA6-4B45-AB6D-6886B7493083"><ns6:decision name="Approve or Deny" key="_355ED12A-EC4A-4E72-BCA1-B713CF55E10C" bypassable="false"><ns6:description></ns6:description><ns6:task name="Approve or Deny Tasking?" key="" bypassable="false"><ns6:description></ns6:description><ns6:candidateGroups>SIDO</ns6:candidateGroups><ns6:variables/></ns6:task><ns6:option name="Approved"><ns6:activities sequential="true" name="Approvedoption" key="_1DEECA7B-30DE-4A07-B98C-8AAE33E6FB87" bypassable="false"><ns6:description></ns6:description><ns6:activities sequential="true" name="Tasking Approved" key="_FB269F16-F8E3-4061-9F05-F431AE03B76E" bypassable="false"><ns6:description></ns6:description><ns6:task name="Task 1 (Tasking Approved)" key="_58EF51FC-39CE-4F17-93AB-3641155EDB4E" bypassable="false"><ns6:description></ns6:description><ns6:candidateGroups>SIDO</ns6:candidateGroups><ns6:variables/></ns6:task></ns6:activities></ns6:activities></ns6:option><ns6:option name="Denied"><ns6:activities sequential="true" name="Deniedoption" key="_FC07D385-6983-439F-A1E6-103E695C408A" bypassable="false"><ns6:description></ns6:description><ns6:exit state="" name="Exit" key="_19ADB055-174F-48B7-BC79-5EA97449F68E" bypassable="false"><ns6:description></ns6:description></ns6:exit></ns6:activities></ns6:option></ns6:decision></ns6:activities><ns6:bypassAssignee>admin</ns6:bypassAssignee></ns6:process>