<?xml version="1.0" encoding="UTF-8" standalone="yes"?><ns6:process xmlns="http://www.omg.org/spec/BPMN/20100524/MODEL" xmlns:ns2="http://www.omg.org/spec/DD/20100524/DI" xmlns:ns3="http://www.omg.org/spec/BPMN/20100524/DI" xmlns:ns4="http://www.omg.org/spec/DD/20100524/DC" xmlns:ns5="http://www.wiredwidgets.org/cow/server/schema/service" xmlns:ns6="http://www.wiredwidgets.org/cow/server/schema/model-v2" xmlns:ns7="http://www.wiredwidgets.org/rem2/schema" name="AIC14_ISRRequest_A" key="AIC14_ISRRequest_A" maxId="0"><ns6:activities sequential="true" name="base" key="_62700E25-BD4F-4F17-9310-91AF7A255C9C"><ns6:task name="Interpret Request" key="_4548684C-A9FD-4C02-8607-EB3F91A7FE97" bypassable="false"><ns6:description></ns6:description><ns6:assignee>bgoodrich</ns6:assignee><ns6:variables/></ns6:task><ns6:task name="Propose or Deny Tasking" key="_CCE1CCD0-4BE3-4824-B5AF-830E5C72FEB1" bypassable="false"><ns6:description></ns6:description><ns6:assignee>bgoodrich</ns6:assignee><ns6:variables/></ns6:task><ns6:task name="Test Buffer" key="_80548E6E-8C78-4651-B01F-5CA838934287" bypassable="false"><ns6:description></ns6:description><ns6:assignee>brosenberg</ns6:assignee><ns6:variables/></ns6:task><ns6:activities sequential="true" name="Initiate Required Approval Taskings" key="_F59125DB-E2A8-4B7F-95B2-21B95A543487" bypassable="false"><ns6:description></ns6:description><ns6:task name="SIDO Approval" key="_4945BD4D-B100-487F-B5D0-911F055F10FA" bypassable="false"><ns6:description></ns6:description><ns6:assignee>bgoodrich</ns6:assignee><ns6:variables/></ns6:task><ns6:task name="SODO Approval" key="_04F62301-BEDC-406E-BAD9-F90DFA3ACCA9" bypassable="false"><ns6:description></ns6:description><ns6:assignee>bgoodrich</ns6:assignee><ns6:variables/></ns6:task></ns6:activities><ns6:task name="Enact Proposed Tasking" key="_6F17BAAA-D653-4F59-9B12-BD412B2CDBA8" bypassable="false"><ns6:description></ns6:description><ns6:assignee>bgoodrich</ns6:assignee><ns6:variables/></ns6:task><ns6:exit state="" name="Exit" key="_48F976D0-57B7-425A-87D8-897ECCB8469B" bypassable="false"><ns6:description></ns6:description></ns6:exit><ns6:serviceTask name="Create Required Approvals" key="_FC434015-97C6-4B8F-9363-70578629C90D" bypassable="false"><ns6:description></ns6:description><ns6:method>GET</ns6:method><ns6:url>http://mm180386-pc.mitre.org:8081/MissionInformationServiceRestService-war/resource/missions/144d12d2-011b-4d03-a80c-e26c595b9f7b</ns6:url><ns6:var>CreateRequiredApprovalsResponseXML</ns6:var></ns6:serviceTask></ns6:activities><ns6:bypassAssignee>admin</ns6:bypassAssignee></ns6:process>