<?xml version="1.0" encoding="UTF-8" standalone="yes"?><ns6:process xmlns="http://www.omg.org/spec/BPMN/20100524/MODEL" xmlns:ns2="http://www.omg.org/spec/DD/20100524/DI" xmlns:ns3="http://www.omg.org/spec/BPMN/20100524/DI" xmlns:ns4="http://www.omg.org/spec/DD/20100524/DC" xmlns:ns5="http://www.wiredwidgets.org/cow/server/schema/service" xmlns:ns6="http://www.wiredwidgets.org/cow/server/schema/model-v2" xmlns:ns7="http://www.wiredwidgets.org/rem2/schema" name="AIC14_ISRRequest" key="AIC14_ISRRequest" maxId="0"><ns6:activities sequential="true" name="base" key="_DCC4DA56-7EF8-459C-91CD-C754623D8429"><ns6:task name="Interpret Request" key="_FBBE5F77-3ACA-4153-A530-04E0491AC55A" bypassable="false"><ns6:description></ns6:description><ns6:candidateGroups>SIDO</ns6:candidateGroups><ns6:variables/></ns6:task><ns6:decision name="Propose Tasking or Deny" key="_A9520BA3-3033-45C5-8425-4845F6E528A3" bypassable="false"><ns6:description></ns6:description><ns6:task name="Propose Tasking or Deny" key="" bypassable="false"><ns6:description></ns6:description><ns6:candidateGroups>SIDO</ns6:candidateGroups><ns6:variables/></ns6:task><ns6:option name="Propose"><ns6:activities sequential="true" name="Proposeoption" key="_ED1D2AEF-C042-419B-AF6D-C4C7BD345AC0" bypassable="false"><ns6:description></ns6:description><ns6:subProcess sub-process-key="AIC14_AddApproval" name="SubProcess 7" key="_F6475BB8-FE48-4BB9-AACC-0A452C0373A9" bypassable="false"/><ns6:decision name="Check Approvals" key="_65509BB7-600D-4DC3-BC30-87F6C081C0AE" bypassable="false"><ns6:description></ns6:description><ns6:task name="All Approved?" key="" bypassable="false"><ns6:description></ns6:description><ns6:candidateGroups>SIDO</ns6:candidateGroups><ns6:variables/></ns6:task><ns6:option name="Yes"><ns6:activities sequential="true" name="Yesoption" key="_32E11D1D-6E6C-41EF-8D5A-FA64C177CE91" bypassable="false"><ns6:description></ns6:description><ns6:task name="Enact Tasking" key="_2B11B00E-4218-435C-9340-6BEA2B47B3D0" bypassable="false"><ns6:description></ns6:description><ns6:candidateGroups>SIDO</ns6:candidateGroups><ns6:variables/></ns6:task></ns6:activities></ns6:option><ns6:option name="No"><ns6:activities sequential="true" name="Nooption" key="_039C4499-48B5-454B-A5EC-BB4B3073B8FB" bypassable="false"><ns6:description></ns6:description><ns6:task name="Return" key="_24920689-0A8C-4F5C-B668-A73C255F0E20" bypassable="false"><ns6:description></ns6:description><ns6:candidateGroups>SIDO</ns6:candidateGroups><ns6:variables/></ns6:task><ns6:exit state="" name="Exit" key="_365A5197-02E6-4D63-A053-164FD9DD5003" bypassable="false"><ns6:description></ns6:description></ns6:exit></ns6:activities></ns6:option></ns6:decision></ns6:activities></ns6:option><ns6:option name="Deny"><ns6:activities sequential="true" name="Denyoption" key="_9C54D76C-9135-4745-A670-CAD3961C1D1C" bypassable="false"><ns6:description></ns6:description><ns6:task name="Task Denied" key="_F2CBA03A-5A35-46B6-8843-B1EA896AA425" bypassable="false"><ns6:description></ns6:description><ns6:candidateGroups>SIDO</ns6:candidateGroups><ns6:variables/></ns6:task><ns6:task name="Task Denied" key="_0CC9180A-7B77-434E-B927-6A78E46FAC2E" bypassable="false"><ns6:description></ns6:description><ns6:candidateGroups>SIDO</ns6:candidateGroups><ns6:variables/></ns6:task><ns6:exit state="" name="Exit" key="_E03CC1EF-CA37-4F96-9934-971C7D1073A4" bypassable="false"><ns6:description></ns6:description></ns6:exit></ns6:activities></ns6:option></ns6:decision></ns6:activities><ns6:bypassAssignee>admin</ns6:bypassAssignee></ns6:process>