<?xml version="1.0" encoding="UTF-8" standalone="yes"?><ns6:process xmlns="http://www.omg.org/spec/BPMN/20100524/MODEL" xmlns:ns2="http://www.omg.org/spec/DD/20100524/DI" xmlns:ns3="http://www.omg.org/spec/BPMN/20100524/DI" xmlns:ns4="http://www.omg.org/spec/DD/20100524/DC" xmlns:ns5="http://www.wiredwidgets.org/cow/server/schema/service" xmlns:ns6="http://www.wiredwidgets.org/cow/server/schema/model-v2" xmlns:ns7="http://www.wiredwidgets.org/rem2/schema" name="AIC14_VariableServiceTaskTest" key="AIC14_VariableServiceTaskTest" maxId="0"><ns6:activities sequential="true" name="base" key="_030D3C26-D942-459C-B6E3-3F85CECBA919"><ns6:task name="Task 1" key="_98CB16F5-8015-4DCE-9493-49DC052E1464" bypassable="false"><ns6:description></ns6:description><ns6:assignee>bgoodrich</ns6:assignee><ns6:variables><ns6:variable name="var1" value="ResultHandlingService?wsdl"/></ns6:variables></ns6:task><ns6:serviceTask name="ServiceTask 3" key="_546A017E-5B04-48EC-BD80-3981E5A1F205" bypassable="false"><ns6:description></ns6:description><ns6:method>GET</ns6:method><ns6:url>http://mm180386-pc:8081/HandlingResultInformationService/${var1}</ns6:url><ns6:var>HandlingResultReturnValue</ns6:var></ns6:serviceTask><ns6:task name="Task 2" key="_DC1947A3-CD07-4CE4-82D7-F89D2868C9D8" bypassable="false"><ns6:description></ns6:description><ns6:assignee>bgoodrich</ns6:assignee><ns6:variables/></ns6:task></ns6:activities><ns6:bypassAssignee>admin</ns6:bypassAssignee></ns6:process>