<?xml version="1.0" encoding="UTF-8" standalone="yes"?><ns6:process xmlns="http://www.omg.org/spec/BPMN/20100524/MODEL" xmlns:ns2="http://www.omg.org/spec/DD/20100524/DI" xmlns:ns3="http://www.omg.org/spec/BPMN/20100524/DI" xmlns:ns4="http://www.omg.org/spec/DD/20100524/DC" xmlns:ns5="http://www.wiredwidgets.org/cow/server/schema/service" xmlns:ns6="http://www.wiredwidgets.org/cow/server/schema/model-v2" xmlns:ns7="http://www.wiredwidgets.org/rem2/schema" name="Bodysuit_Express" key="Bodysuit_Express" maxId="41"><ns6:activities sequential="true" name="base" key="base"><ns6:activities sequential="true" name="Check protective bodysuit availability" key="" bypassable="false"><ns6:description></ns6:description><ns6:task name="Checks surrounding counties for protective bodysuit availability" key="_2" bypassable="false"><ns6:description>try to obtain protective bodysuit from outside the current county</ns6:description><ns6:assignee>joe</ns6:assignee><ns6:variables/></ns6:task><ns6:task name="Check surrounding states" key="_5" bypassable="false"><ns6:description></ns6:description><ns6:assignee>joe</ns6:assignee><ns6:variables><ns6:variable name="Additional Info 1" value="datasource=[mysql://denim.mitre.org:3306/tomatoes?user=grails&amp;password=grailspw]"/></ns6:variables></ns6:task></ns6:activities><ns6:decision name="Need order bodysuit?" key="" bypassable="false"><ns6:description>were we able to find any in the surrounding areas/states</ns6:description><ns6:task name="Need order bodysuit?" key="_6" bypassable="false"><ns6:description></ns6:description><ns6:assignee>joe</ns6:assignee><ns6:variables/></ns6:task><ns6:option name="Yes"><ns6:activities sequential="true" name="Yesoption" key="Yesoption" bypassable="false"><ns6:description>need order</ns6:description><ns6:task name="Call nearest supply store" key="_10" bypassable="false"><ns6:description>Should be a set list available for supplies</ns6:description><ns6:assignee>joe</ns6:assignee><ns6:variables/></ns6:task><ns6:task name="Coordinate with Fedex to deliver order ASAP" key="_11" bypassable="false"><ns6:description>invoke emergency response clause to be prioritized above all other pending deliveries</ns6:description><ns6:assignee>joe</ns6:assignee><ns6:variables><ns6:variable name="Additional Info 1" value="datasource=[mysql://denim.mitre.org:3306/pr?user=grails%26password=grailspw]"/></ns6:variables></ns6:task><ns6:task name="Convey estimated delivery date to incident commander" key="_16" bypassable="false"><ns6:description></ns6:description><ns6:assignee>joe</ns6:assignee><ns6:variables/></ns6:task></ns6:activities></ns6:option><ns6:option name="No"><ns6:activities sequential="true" name="Nooption" key="Nooption" bypassable="false"><ns6:description></ns6:description><ns6:task name="Found bodysuit" key="_9" bypassable="false"><ns6:description></ns6:description><ns6:assignee>joe</ns6:assignee><ns6:variables><ns6:variable name="Additional Info 1" value="datasource=[mysql://denim.mitre.org:3306/rovi?user=grails&amp;password=grailspw]"/></ns6:variables></ns6:task></ns6:activities></ns6:option></ns6:decision></ns6:activities><ns6:bypassAssignee>admin</ns6:bypassAssignee></ns6:process>