<?xml version="1.0" encoding="UTF-8" standalone="yes"?><ns6:process xmlns="http://www.omg.org/spec/BPMN/20100524/MODEL" xmlns:ns2="http://www.omg.org/spec/DD/20100524/DI" xmlns:ns3="http://www.omg.org/spec/BPMN/20100524/DI" xmlns:ns4="http://www.omg.org/spec/DD/20100524/DC" xmlns:ns5="http://www.wiredwidgets.org/cow/server/schema/service" xmlns:ns6="http://www.wiredwidgets.org/cow/server/schema/model-v2" xmlns:ns7="http://www.wiredwidgets.org/rem2/schema" name="BrianVarTest" key="BrianVarTest" maxId="0"><ns6:activities sequential="true" key="_C5786AFC-5C7A-4913-8AB5-CE57E40A446A"><ns6:task name="task one" key="_D7BDE7C8-8865-4056-A19B-C0379CBF3CFE"><ns6:description>this is a description of task 1</ns6:description><ns6:candidateGroups>SIDO</ns6:candidateGroups></ns6:task></ns6:activities><ns6:variables><ns6:variable name="processvar1" output="true"/></ns6:variables></ns6:process>