<?xml version="1.0" encoding="UTF-8" standalone="yes"?><ns6:process xmlns="http://www.omg.org/spec/BPMN/20100524/MODEL" xmlns:ns2="http://www.omg.org/spec/DD/20100524/DI" xmlns:ns3="http://www.omg.org/spec/BPMN/20100524/DI" xmlns:ns4="http://www.omg.org/spec/DD/20100524/DC" xmlns:ns5="http://www.wiredwidgets.org/cow/server/schema/service" xmlns:ns6="http://www.wiredwidgets.org/cow/server/schema/model-v2" xmlns:ns7="http://www.wiredwidgets.org/rem2/schema" name="BrianTempSvc" key="BrianTempSvc" maxId="0"><ns6:activities sequential="true" key="_4EC82CCC-938D-4902-92D6-FC2F821D045D"><ns6:task name="Task 1" key="_8B342E4B-1349-48E6-AFB1-DEB9F9DA3D87" bypassable="false"><ns6:description>Complete to start service call</ns6:description><ns6:candidateGroups>SIDO</ns6:candidateGroups><ns6:variables><ns6:variable name="tempInput" value="0" output="true"/></ns6:variables></ns6:task><ns6:serviceTask name="ServiceTask 1" key="_5812BF26-D5C2-48A9-8116-FC7DAD9F436F" bypassable="false"><ns6:description></ns6:description><ns6:method>POST</ns6:method><ns6:url>http://www.w3schools.com/webservices/tempconvert.asmx</ns6:url><ns6:content>&lt;soapenv:Envelope xmlns:soapenv="http://schemas.xmlsoap.org/soap/envelope/" xmlns:web="http://www.w3schools.com/webservices/"&gt;    &lt;soapenv:Header/&gt;    &lt;soapenv:Body&gt;       &lt;web:CelsiusToFahrenheit&gt;          &lt;!--Optional:--&gt;          &lt;web:Celsius&gt;${tempInput}&lt;/web:Celsius&gt;       &lt;/web:CelsiusToFahrenheit&gt;    &lt;/soapenv:Body&gt; &lt;/soapenv:Envelope&gt;</ns6:content><ns6:var>resulttemp</ns6:var></ns6:serviceTask><ns6:task name="Task 3" key="_E3F4A79E-DC31-4008-AF52-3BA491CD9834" bypassable="false"><ns6:description>View result of svc call</ns6:description><ns6:candidateGroups>SIDO</ns6:candidateGroups></ns6:task></ns6:activities><ns6:variables/><ns6:bypassAssignee>admin</ns6:bypassAssignee></ns6:process>