<?xml version="1.0" encoding="UTF-8" standalone="yes"?><ns6:process xmlns="http://www.omg.org/spec/BPMN/20100524/MODEL" xmlns:ns2="http://www.omg.org/spec/DD/20100524/DI" xmlns:ns3="http://www.omg.org/spec/BPMN/20100524/DI" xmlns:ns4="http://www.omg.org/spec/DD/20100524/DC" xmlns:ns5="http://www.wiredwidgets.org/cow/server/schema/service" xmlns:ns6="http://www.wiredwidgets.org/cow/server/schema/model-v2" xmlns:ns7="http://www.wiredwidgets.org/rem2/schema" name="BrianTempSvc2" key="BrianTempSvc2" maxId="0"><ns6:activities sequential="true" key="_02D4EFE5-7F6B-4BE5-930C-F5C4EDBFE50F"><ns6:task name="Task 1" key="_654E6CBC-A68E-4745-BAC1-750A207B5B69" bypassable="false"><ns6:description>Complete to start service call</ns6:description><ns6:candidateGroups>SIDO</ns6:candidateGroups><ns6:variables><ns6:variable name="tempInput" value="0" output="true"/></ns6:variables></ns6:task><ns6:serviceTask name="ServiceTask 1" key="_15E1B152-4AB4-4857-BB3A-6D054F9CD73C" bypassable="false"><ns6:description></ns6:description><ns6:method>POST</ns6:method><ns6:url>http://www.w3schools.com/webservices/tempconvert.asmx</ns6:url><ns6:content>&lt;soapenv:Envelope xmlns:soapenv="http://schemas.xmlsoap.org/soap/envelope/" xmlns:web="http://www.w3schools.com/webservices/"&gt;    &lt;soapenv:Header/&gt;    &lt;soapenv:Body&gt;       &lt;web:CelsiusToFahrenheit&gt;          &lt;!--Optional:--&gt;          &lt;web:Celsius&gt;${tempInput}&lt;/web:Celsius&gt;       &lt;/web:CelsiusToFahrenheit&gt;    &lt;/soapenv:Body&gt; &lt;/soapenv:Envelope&gt;</ns6:content><ns6:var>resulttemp</ns6:var><ns6:resultSelectorXPath>//CelsiusToFahrenheitResult/text()</ns6:resultSelectorXPath></ns6:serviceTask><ns6:task name="Task 3" key="_1D461FF9-35B6-4DC6-A7DB-E8C96FE53C31" bypassable="false"><ns6:description>View result of svc call</ns6:description><ns6:candidateGroups>SIDO</ns6:candidateGroups></ns6:task></ns6:activities><ns6:variables/><ns6:bypassAssignee>admin</ns6:bypassAssignee></ns6:process>