<?xml version="1.0" encoding="UTF-8" standalone="yes"?><ns6:process xmlns="http://www.omg.org/spec/BPMN/20100524/MODEL" xmlns:ns2="http://www.omg.org/spec/DD/20100524/DI" xmlns:ns3="http://www.omg.org/spec/BPMN/20100524/DI" xmlns:ns4="http://www.omg.org/spec/DD/20100524/DC" xmlns:ns5="http://www.wiredwidgets.org/cow/server/schema/service" xmlns:ns6="http://www.wiredwidgets.org/cow/server/schema/model-v2" xmlns:ns7="http://www.wiredwidgets.org/rem2/schema" name="bypasstest2" key="bypasstest2"><ns6:activities sequential="true" name="base" key="base"><ns6:task name="Task 1" bypassable="true" wrapped="false"><ns6:candidateGroups>group1</ns6:candidateGroups></ns6:task></ns6:activities><ns6:bypassCandidateGroups>group1</ns6:bypassCandidateGroups></ns6:process>