<?xml version="1.0" encoding="UTF-8" standalone="yes"?><ns6:process xmlns="http://www.omg.org/spec/BPMN/20100524/MODEL" xmlns:ns2="http://www.omg.org/spec/DD/20100524/DI" xmlns:ns3="http://www.omg.org/spec/BPMN/20100524/DI" xmlns:ns4="http://www.omg.org/spec/DD/20100524/DC" xmlns:ns5="http://www.wiredwidgets.org/cow/server/schema/service" xmlns:ns6="http://www.wiredwidgets.org/cow/server/schema/model-v2" xmlns:ns7="http://www.wiredwidgets.org/rem2/schema" name="CB_Radio" key="CB_Radio" maxId="55"><ns6:activities sequential="true" name="base" key="base"><ns6:task name="Older Communication Method" key="_2" bypassable="false"><ns6:description>aka Citizens Band radio
two way radio service

System of short-distance radio communications between individuals on a selection of 40 channels within the 27-MHz (11 m) band. 

Citizens' Band channels are shared by many users. Only one station may transmit at a time; other stations must listen and wait for the shared channel to be available.

Channel 9 is restricted by the FCC to only emergency communications and roadside assistance.[15] Most highway travelers monitor channel 19. CB radio is still used by truck drivers.</ns6:description><ns6:assignee>lloren</ns6:assignee><ns6:variables/></ns6:task><ns6:decision name="Have a working CB radio?" key="" bypassable="false"><ns6:description></ns6:description><ns6:task name="Have a working CB radio?" key="_5" bypassable="false"><ns6:description></ns6:description><ns6:assignee>lloren</ns6:assignee><ns6:variables/></ns6:task><ns6:option name="No"><ns6:activities sequential="true" name="Nooption" key="Nooption" bypassable="false"><ns6:description></ns6:description><ns6:exit state="need cb radio" name="Exit" key="Exit" bypassable="false"><ns6:description></ns6:description></ns6:exit></ns6:activities></ns6:option></ns6:decision><ns6:decision name="Possible transmission distances" key="" bypassable="false"><ns6:description></ns6:description><ns6:task name="How far can we transmit?" key="_8" bypassable="false"><ns6:description></ns6:description><ns6:assignee>lloren</ns6:assignee><ns6:variables/></ns6:task><ns6:option name="Base unit"><ns6:activities sequential="true" name="Base unitoption" key="Base unitoption" bypassable="false"><ns6:description></ns6:description><ns6:decision name="Receiving unit type" key="" bypassable="false"><ns6:description></ns6:description><ns6:task name="What type of unit is receiving our transmission?" key="_11" bypassable="false"><ns6:description></ns6:description><ns6:assignee>lloren</ns6:assignee><ns6:variables/></ns6:task><ns6:option name="mobile"><ns6:activities sequential="true" name="mobileoption" key="mobileoption" bypassable="false"><ns6:description></ns6:description><ns6:task name="5 to 10 miles" key="_14" bypassable="false"><ns6:description>null</ns6:description><ns6:assignee>lloren</ns6:assignee><ns6:variables/></ns6:task></ns6:activities></ns6:option><ns6:option name="base unit"><ns6:activities sequential="true" name="base unitoption" key="base unitoption" bypassable="false"><ns6:description></ns6:description><ns6:task name="base unit" key="_15" bypassable="false"><ns6:description>10 to 30 miles</ns6:description><ns6:assignee>lloren</ns6:assignee><ns6:variables/></ns6:task></ns6:activities></ns6:option></ns6:decision></ns6:activities></ns6:option><ns6:option name="Mobile unit"><ns6:activities sequential="true" name="Mobile unitoption" key="Mobile unitoption" bypassable="false"><ns6:description></ns6:description><ns6:decision name="Receiving unit type" key="" bypassable="false"><ns6:description></ns6:description><ns6:task name="What type of unit is receiving our transmission?" key="_16" bypassable="false"><ns6:description></ns6:description><ns6:assignee>lloren</ns6:assignee><ns6:variables/></ns6:task><ns6:option name="mobile"><ns6:activities sequential="true" name="mobileoption" key="mobileoption" bypassable="false"><ns6:description></ns6:description><ns6:task name="1 to 15 miles" key="_19" bypassable="false"><ns6:description>null</ns6:description><ns6:assignee>lloren</ns6:assignee><ns6:variables/></ns6:task></ns6:activities></ns6:option><ns6:option name="base unit"><ns6:activities sequential="true" name="base unitoption" key="base unitoption" bypassable="false"><ns6:description></ns6:description><ns6:task name="5 to 10 miles" key="_20" bypassable="false"><ns6:description></ns6:description><ns6:assignee>lloren</ns6:assignee><ns6:variables/></ns6:task></ns6:activities></ns6:option></ns6:decision></ns6:activities></ns6:option><ns6:option name="Exceptions"><ns6:activities sequential="true" name="Exceptionsoption" key="Exceptionsoption" bypassable="false"><ns6:description>There are factors that can affect transmission distance.</ns6:description><ns6:activities sequential="true" name="What affects transmission distance?" key="" bypassable="false"><ns6:description></ns6:description><ns6:task name="Terrain" key="_21" bypassable="false"><ns6:description>mountains can impeded transmissions</ns6:description><ns6:assignee>lloren</ns6:assignee><ns6:variables/></ns6:task><ns6:task name="earth's atmosphere (SKIP)" key="_22" bypassable="false"><ns6:description>There are times when the earth's atmosphere acts as a mirror and will bounce signals to distant locations. Remember your CB signal also goes up as well as out and away from your antenna. When the conditions are just right, it is possible to bounce the radio signal (or skip) it off the atmosphere and it will land hundreds to thousands of miles away. Therefore it is not impossible for someone using a CB in New Jersey to communicate with another person in California. You should note, that currently this practice is considered to be illegal as per FCC regulations.</ns6:description><ns6:assignee>lloren</ns6:assignee><ns6:variables/></ns6:task><ns6:task name="how crowded the channel is" key="_33" bypassable="false"><ns6:description>more people on a channel lowers distance</ns6:description><ns6:assignee>lloren</ns6:assignee><ns6:variables/></ns6:task><ns6:task name="buildings around the transmitting/receiving units" key="_44" bypassable="false"><ns6:description>types and numbers of buildings around the transmitting/receiving units</ns6:description><ns6:assignee>lloren</ns6:assignee><ns6:variables/></ns6:task></ns6:activities></ns6:activities></ns6:option></ns6:decision></ns6:activities><ns6:bypassAssignee>admin</ns6:bypassAssignee></ns6:process>