<?xml version="1.0" encoding="UTF-8" standalone="yes"?><ns6:process xmlns="http://www.omg.org/spec/BPMN/20100524/MODEL" xmlns:ns2="http://www.omg.org/spec/DD/20100524/DI" xmlns:ns3="http://www.omg.org/spec/BPMN/20100524/DI" xmlns:ns4="http://www.omg.org/spec/DD/20100524/DC" xmlns:ns5="http://www.wiredwidgets.org/cow/server/schema/service" xmlns:ns6="http://www.wiredwidgets.org/cow/server/schema/model-v2" xmlns:ns7="http://www.wiredwidgets.org/rem2/schema" name="chiclet-tester" key="chiclet-tester"><ns6:activities sequential="true" name="base" key="base"><ns6:task name="Task 1" key="_2" bypassable="false"><ns6:description></ns6:description><ns6:assignee>mhowansky</ns6:assignee><ns6:variables/></ns6:task><ns6:decision name="Decision 8" key="Decision 8" bypassable="false"><ns6:description></ns6:description><ns6:task name="?" key="_3" bypassable="false"><ns6:description></ns6:description><ns6:assignee>Administrator</ns6:assignee><ns6:variables/></ns6:task><ns6:option name="Option 10"><ns6:activities sequential="true" name="Option 10option" key="Option 10option" bypassable="false"><ns6:description></ns6:description><ns6:decision name="Decision 9" key="Decision 9" bypassable="false"><ns6:description></ns6:description><ns6:task name="?" key="_6" bypassable="false"><ns6:description></ns6:description><ns6:assignee>Administrator</ns6:assignee><ns6:variables/></ns6:task><ns6:option name="Option 14"><ns6:activities sequential="true" name="Option 14option" key="Option 14option" bypassable="false"><ns6:description></ns6:description><ns6:task name="Task 13" key="_9" bypassable="false"><ns6:description></ns6:description><ns6:assignee>fitzpatrick</ns6:assignee><ns6:variables/></ns6:task></ns6:activities></ns6:option><ns6:option name="Option 16"><ns6:activities sequential="true" name="Option 16option" key="Option 16option" bypassable="false"><ns6:description></ns6:description><ns6:task name="Task 15" key="_10" bypassable="false"><ns6:description></ns6:description><ns6:assignee>prema</ns6:assignee><ns6:variables/></ns6:task></ns6:activities></ns6:option></ns6:decision></ns6:activities></ns6:option><ns6:option name="Option 12"><ns6:activities sequential="true" name="Option 12option" key="Option 12option" bypassable="false"><ns6:description></ns6:description><ns6:task name="Task 11" key="_11" bypassable="false"><ns6:description></ns6:description><ns6:assignee>lloren</ns6:assignee><ns6:variables/></ns6:task></ns6:activities></ns6:option></ns6:decision><ns6:task name="Task 17" key="_12" bypassable="false"><ns6:description></ns6:description><ns6:assignee>jkranes</ns6:assignee><ns6:variables/></ns6:task></ns6:activities><ns6:bypassAssignee>admin</ns6:bypassAssignee></ns6:process>