<?xml version="1.0" encoding="UTF-8" standalone="yes"?><ns6:process xmlns="http://www.omg.org/spec/BPMN/20100524/MODEL" xmlns:ns2="http://www.omg.org/spec/DD/20100524/DI" xmlns:ns3="http://www.omg.org/spec/BPMN/20100524/DI" xmlns:ns4="http://www.omg.org/spec/DD/20100524/DC" xmlns:ns5="http://www.wiredwidgets.org/cow/server/schema/service" xmlns:ns6="http://www.wiredwidgets.org/cow/server/schema/model-v2" xmlns:ns7="http://www.wiredwidgets.org/rem2/schema" name="complicated" key="complicated"><ns6:activities sequential="true" name="base" key="base"><ns6:task name="Task 2" key="_2" bypassable="false"><ns6:description></ns6:description><ns6:assignee>mhowansky</ns6:assignee><ns6:variables/></ns6:task><ns6:task name="Task 3" key="_3" bypassable="false"><ns6:description></ns6:description><ns6:assignee>jkranes</ns6:assignee><ns6:variables/></ns6:task><ns6:loop doneName="yes" repeatName="no" name="Loop 1" key="Loop 1" bypassable="false"><ns6:description></ns6:description><ns6:activities sequential="true" name="Loop 1looped" key="Loop 1looped" bypassable="false"><ns6:description></ns6:description><ns6:task name="Task 4" key="_5" bypassable="false"><ns6:description></ns6:description><ns6:assignee>prema</ns6:assignee><ns6:variables/></ns6:task><ns6:activities sequential="false" name="List 5" key="List 5" bypassable="false"><ns6:description></ns6:description><ns6:task name="Task 16" key="_8" bypassable="false"><ns6:description></ns6:description><ns6:assignee>lloren</ns6:assignee><ns6:variables/></ns6:task><ns6:task name="Task 17" key="_9" bypassable="false"><ns6:description></ns6:description><ns6:assignee>mhowansky</ns6:assignee><ns6:variables/></ns6:task></ns6:activities><ns6:decision name="Decision 6" key="Decision 6" bypassable="false"><ns6:description></ns6:description><ns6:task name="d6?" key="_10" bypassable="false"><ns6:description></ns6:description><ns6:assignee>fitzpatrick</ns6:assignee><ns6:variables/></ns6:task><ns6:option name="Option 8"><ns6:activities sequential="true" name="Option 8option" key="Option 8option" bypassable="false"><ns6:description></ns6:description><ns6:activities sequential="true" name="List 7" key="List 7" bypassable="false"><ns6:description></ns6:description><ns6:loop doneName="yes" repeatName="no" name="Loop 18" key="Loop 18" bypassable="false"><ns6:description></ns6:description><ns6:activities sequential="true" name="Loop 18looped" key="Loop 18looped" bypassable="false"><ns6:description></ns6:description><ns6:task name="Task 19" key="_14" bypassable="false"><ns6:description></ns6:description><ns6:assignee>prema</ns6:assignee><ns6:variables/></ns6:task><ns6:task name="Task 20" key="_15" bypassable="false"><ns6:description></ns6:description><ns6:assignee>mhowansky</ns6:assignee><ns6:variables/></ns6:task></ns6:activities><ns6:loopTask name="l18?" key="_16" bypassable="false"><ns6:description></ns6:description><ns6:assignee>mhowansky</ns6:assignee><ns6:variables/></ns6:loopTask></ns6:loop><ns6:task name="Task 21" key="_18" bypassable="false"><ns6:description></ns6:description><ns6:assignee>lloren</ns6:assignee><ns6:variables/></ns6:task></ns6:activities></ns6:activities></ns6:option><ns6:option name="Option 10"><ns6:activities sequential="true" name="Option 10option" key="Option 10option" bypassable="false"><ns6:description></ns6:description><ns6:activities sequential="true" name="List 9" key="List 9" bypassable="false"><ns6:description></ns6:description><ns6:task name="Task 22" key="_19" bypassable="false"><ns6:description></ns6:description><ns6:assignee>fitzpatrick</ns6:assignee><ns6:variables/></ns6:task><ns6:task name="Task 23" key="_20" bypassable="false"><ns6:description></ns6:description><ns6:assignee>fitzpatrick</ns6:assignee><ns6:variables/></ns6:task></ns6:activities></ns6:activities></ns6:option></ns6:decision></ns6:activities><ns6:loopTask name="loop1?" key="_21" bypassable="false"><ns6:description></ns6:description><ns6:assignee>jkranes</ns6:assignee><ns6:variables/></ns6:loopTask></ns6:loop><ns6:decision name="Decision 11" key="Decision 11" bypassable="false"><ns6:description></ns6:description><ns6:task name="d11?" key="_23" bypassable="false"><ns6:description></ns6:description><ns6:assignee>mhowansky</ns6:assignee><ns6:variables/></ns6:task><ns6:option name="Option 27"><ns6:activities sequential="true" name="Option 27option" key="Option 27option" bypassable="false"><ns6:description></ns6:description><ns6:task name="Task 26" key="_26" bypassable="false"><ns6:description></ns6:description><ns6:assignee>jkranes</ns6:assignee><ns6:variables/></ns6:task></ns6:activities></ns6:option><ns6:option name="Option 29"><ns6:activities sequential="true" name="Option 29option" key="Option 29option" bypassable="false"><ns6:description></ns6:description><ns6:task name="Task 28" key="_27" bypassable="false"><ns6:description></ns6:description><ns6:assignee>lloren</ns6:assignee><ns6:variables/></ns6:task></ns6:activities></ns6:option></ns6:decision><ns6:task name="Task 13" key="_28" bypassable="false"><ns6:description></ns6:description><ns6:assignee>fitzpatrick</ns6:assignee><ns6:variables/></ns6:task></ns6:activities><ns6:bypassAssignee>admin</ns6:bypassAssignee></ns6:process>