<?xml version="1.0" encoding="UTF-8" standalone="yes"?><ns6:process xmlns="http://www.omg.org/spec/BPMN/20100524/MODEL" xmlns:ns2="http://www.omg.org/spec/DD/20100524/DI" xmlns:ns3="http://www.omg.org/spec/BPMN/20100524/DI" xmlns:ns4="http://www.omg.org/spec/DD/20100524/DC" xmlns:ns5="http://www.wiredwidgets.org/cow/server/schema/service" xmlns:ns6="http://www.wiredwidgets.org/cow/server/schema/model-v2" xmlns:ns7="http://www.wiredwidgets.org/rem2/schema" name="CPR" key="CPR" maxId="19"><ns6:activities sequential="true" name="base" key="base"><ns6:task name="CardioPulmonary Resuscitation" key="_2" bypassable="false"><ns6:description>Greatly simplified.  </ns6:description><ns6:assignee>joe</ns6:assignee><ns6:variables/></ns6:task><ns6:decision name="Patient conscious and breathing normally?" key="" bypassable="false"><ns6:description></ns6:description><ns6:task name="Patient conscious and breathing normally?" key="_3" bypassable="false"><ns6:description></ns6:description><ns6:assignee>prema</ns6:assignee><ns6:variables/></ns6:task><ns6:option name="Yes"><ns6:activities sequential="true" name="Yesoption" key="Yesoption" bypassable="false"><ns6:description></ns6:description><ns6:exit state="No need for CPR" name="Exit" key="_6" bypassable="false"><ns6:description></ns6:description></ns6:exit></ns6:activities></ns6:option><ns6:option name="No"><ns6:activities sequential="true" name="Nooption" key="Nooption" bypassable="false"><ns6:description></ns6:description><ns6:activities sequential="true" name="Begin CPR" key="" bypassable="false"><ns6:description></ns6:description><ns6:task name="Bare person's chest" key="_7" bypassable="false"><ns6:description></ns6:description><ns6:assignee>joe</ns6:assignee><ns6:variables><ns6:variable name="Additional Info 1" value="datasource=[mysql://denim.mitre.org:3306/world?user=grails%26password=grailspw]"/></ns6:variables></ns6:task><ns6:task name="Place your hands on the lower half of the breast bone" key="_8" bypassable="false"><ns6:description>Place your hands on the lower half of the breast bone (the sternum)</ns6:description><ns6:assignee>joe</ns6:assignee><ns6:variables/></ns6:task><ns6:task name="Push to a depth of 1/3 the width of their body at a rate of at least 100 times per minute" key="_9" bypassable="false"><ns6:description>Push to a depth of 1/3 the width of their body at a rate of at least 100 times per minute (sing âstaying aliveâ by the Bee Gees. Push to the beat)</ns6:description><ns6:assignee>joe</ns6:assignee><ns6:variables/></ns6:task><ns6:task name="come all the way up after you compress" key="_10" bypassable="false"><ns6:description></ns6:description><ns6:assignee>joe</ns6:assignee><ns6:variables/></ns6:task><ns6:task name="Continue compressions until defibrillation" key="_11" bypassable="false"><ns6:description></ns6:description><ns6:assignee>joe</ns6:assignee><ns6:variables/></ns6:task><ns6:activities sequential="true" name="Begin rescue breathing" key="" bypassable="false"><ns6:description></ns6:description><ns6:task name="Pinch nose closed" key="_12" bypassable="false"><ns6:description></ns6:description><ns6:assignee>joe</ns6:assignee><ns6:variables/></ns6:task><ns6:task name="Exhale into patient's mouth" key="_13" bypassable="false"><ns6:description></ns6:description><ns6:assignee>joe</ns6:assignee><ns6:variables/></ns6:task><ns6:task name="Chest should rise" key="_14" bypassable="false"><ns6:description>air is forced into their lungs and you should see the chest rise</ns6:description><ns6:assignee>joe</ns6:assignee><ns6:variables/></ns6:task></ns6:activities></ns6:activities></ns6:activities></ns6:option></ns6:decision></ns6:activities><ns6:bypassAssignee>admin</ns6:bypassAssignee></ns6:process>