<?xml version="1.0" encoding="UTF-8" standalone="yes"?><ns6:process xmlns="http://www.omg.org/spec/BPMN/20100524/MODEL" xmlns:ns2="http://www.omg.org/spec/DD/20100524/DI" xmlns:ns3="http://www.omg.org/spec/BPMN/20100524/DI" xmlns:ns4="http://www.omg.org/spec/DD/20100524/DC" xmlns:ns5="http://www.wiredwidgets.org/cow/server/schema/service" xmlns:ns6="http://www.wiredwidgets.org/cow/server/schema/model-v2" xmlns:ns7="http://www.wiredwidgets.org/rem2/schema" name="D2ISRM_IDEAM" key="D2ISRM_IDEAM" maxId="24"><ns6:activities sequential="true" name="base" key="base"><ns6:script scriptFormat="http://www.java.com/java" name="Random Script" key="_23" bypassable="false"><ns6:description></ns6:description><ns6:content>System.out.println("Script Test");</ns6:content></ns6:script><ns6:task name="View Request" key="_2" bypassable="false"><ns6:description>View ISR Request</ns6:description><ns6:assignee>bgoodrich</ns6:assignee><ns6:variables/></ns6:task><ns6:task name="Interpret ISR Request" key="_3" bypassable="false"><ns6:description>Use ISR Request Interpretation Panel to interpret the request and assign priority and dwell time</ns6:description><ns6:assignee>bgoodrich</ns6:assignee><ns6:variables/></ns6:task><ns6:task name="View Options" key="_12" bypassable="false"><ns6:description></ns6:description><ns6:assignee>bgoodrich</ns6:assignee><ns6:variables/></ns6:task></ns6:activities><ns6:bypassAssignee>admin</ns6:bypassAssignee></ns6:process>