<?xml version="1.0" encoding="UTF-8" standalone="yes"?><ns6:process xmlns="http://www.omg.org/spec/BPMN/20100524/MODEL" xmlns:ns2="http://www.omg.org/spec/DD/20100524/DI" xmlns:ns3="http://www.omg.org/spec/BPMN/20100524/DI" xmlns:ns4="http://www.omg.org/spec/DD/20100524/DC" xmlns:ns5="http://www.wiredwidgets.org/cow/server/schema/service" xmlns:ns6="http://www.wiredwidgets.org/cow/server/schema/model-v2" xmlns:ns7="http://www.wiredwidgets.org/rem2/schema" name="Decision_Tester" key="Decision_Tester" maxId="7"><ns6:activities sequential="true" name="base" key="base"><ns6:decision name="Decision 1" key="" bypassable="false"><ns6:description></ns6:description><ns6:task name="?" key="_2" bypassable="false"><ns6:description></ns6:description><ns6:assignee>mhowansky</ns6:assignee><ns6:variables/></ns6:task><ns6:option name="wf.9"><ns6:activities sequential="true" name="wf.9option" key="wf.9option" bypassable="false"><ns6:description></ns6:description><ns6:task name="wf.1" key="_5" bypassable="false"><ns6:description></ns6:description><ns6:assignee>mhowansky</ns6:assignee><ns6:variables/></ns6:task></ns6:activities></ns6:option><ns6:option name="wf.10"><ns6:activities sequential="true" name="wf.10option" key="wf.10option" bypassable="false"><ns6:description></ns6:description><ns6:task name="wf.2" key="_6" bypassable="false"><ns6:description></ns6:description><ns6:assignee>mhowansky</ns6:assignee><ns6:variables/></ns6:task></ns6:activities></ns6:option></ns6:decision></ns6:activities><ns6:bypassAssignee>admin</ns6:bypassAssignee></ns6:process>