<?xml version="1.0" encoding="UTF-8" standalone="yes"?><ns6:process xmlns="http://www.omg.org/spec/BPMN/20100524/MODEL" xmlns:ns2="http://www.omg.org/spec/DD/20100524/DI" xmlns:ns3="http://www.omg.org/spec/BPMN/20100524/DI" xmlns:ns4="http://www.omg.org/spec/DD/20100524/DC" xmlns:ns5="http://www.wiredwidgets.org/cow/server/schema/service" xmlns:ns6="http://www.wiredwidgets.org/cow/server/schema/model-v2" xmlns:ns7="http://www.wiredwidgets.org/rem2/schema" name="Defibrillation" key="Defibrillation" maxId="17"><ns6:activities sequential="true" name="base" key="base"><ns6:task name="Defibrillation" key="_2" bypassable="false"><ns6:description>process of delivering a dose of electrical energy through the heart in the hopes that its normal electrical pathways begin to work normally

http://www.todayifoundout.com/index.php/2013/02/top-5-first-aid-tricks-everyone-should-know-part-5-defibrillation/</ns6:description><ns6:assignee>mhowansky</ns6:assignee><ns6:variables/></ns6:task><ns6:decision name="Is patient in ventricular fibrillation?" key="" bypassable="false"><ns6:description>AED only allows you to shock someone in ventricular fibrillation</ns6:description><ns6:task name="Is patient in ventricular fibrillation?" key="_3" bypassable="false"><ns6:description></ns6:description><ns6:assignee>mhowansky</ns6:assignee><ns6:variables/></ns6:task><ns6:option name="No"><ns6:activities sequential="true" name="Nooption" key="Nooption" bypassable="false"><ns6:description></ns6:description><ns6:exit state="Defibrillation not needed" name="Exit" key="_6" bypassable="false"><ns6:description></ns6:description></ns6:exit></ns6:activities></ns6:option><ns6:option name="Option 7"><ns6:activities sequential="true" name="Option 7option" key="Option 7option" bypassable="false"><ns6:description></ns6:description><ns6:task name="Locate automated external defibrillator (AED)" key="_7" bypassable="false"><ns6:description>Designed so 7 year old in grade school could use.</ns6:description><ns6:assignee>mhowansky</ns6:assignee><ns6:variables/></ns6:task><ns6:task name="Turn on AED machine" key="_8" bypassable="false"><ns6:description></ns6:description><ns6:assignee>mhowansky</ns6:assignee><ns6:variables/></ns6:task><ns6:task name="Place pads on patient's bare chest" key="_9" bypassable="false"><ns6:description>place the pads as shown in diagram that comes with AED</ns6:description><ns6:assignee>mhowansky</ns6:assignee><ns6:variables/></ns6:task><ns6:task name="Plug in pads connecter next to flashing light" key="_10" bypassable="false"><ns6:description>You cannot plug in the pads incorrectly as the manufacturers only allow them to be plugged in one way. </ns6:description><ns6:assignee>mhowansky</ns6:assignee><ns6:variables/></ns6:task><ns6:task name="Press shock button" key="_11" bypassable="false"><ns6:description>Do not touch patient!</ns6:description><ns6:assignee>mhowansky</ns6:assignee><ns6:variables/></ns6:task><ns6:task name="If no shock" key="_16" bypassable="false"><ns6:description>Then shock was not advised.  Verbal system would tell you as well.  You should now perform CPR instead.</ns6:description><ns6:assignee>mhowansky</ns6:assignee><ns6:variables/></ns6:task></ns6:activities></ns6:option></ns6:decision></ns6:activities><ns6:bypassAssignee>admin</ns6:bypassAssignee></ns6:process>