<?xml version="1.0" encoding="UTF-8" standalone="yes"?><ns6:process xmlns="http://www.omg.org/spec/BPMN/20100524/MODEL" xmlns:ns2="http://www.omg.org/spec/DD/20100524/DI" xmlns:ns3="http://www.omg.org/spec/BPMN/20100524/DI" xmlns:ns4="http://www.omg.org/spec/DD/20100524/DC" xmlns:ns5="http://www.wiredwidgets.org/cow/server/schema/service" xmlns:ns6="http://www.wiredwidgets.org/cow/server/schema/model-v2" xmlns:ns7="http://www.wiredwidgets.org/rem2/schema" name="Deployment_Factors_to_Consider" key="Deployment_Factors_to_Consider" maxId="25"><ns6:activities sequential="true" name="base" key="base"><ns6:task name="size of area" key="_2" bypassable="false"><ns6:description></ns6:description><ns6:assignee>fitzpatrick</ns6:assignee><ns6:variables/></ns6:task><ns6:activities sequential="true" name="characteristics of area" key="" bypassable="false"><ns6:description></ns6:description><ns6:activities sequential="true" name="Population" key="" bypassable="false"><ns6:description></ns6:description><ns6:task name="Predominant language" key="_20" bypassable="false"><ns6:description>determines whether interpreters will be needed</ns6:description><ns6:assignee>fitzpatrick</ns6:assignee><ns6:variables/></ns6:task><ns6:task name="Estimated size" key="_21" bypassable="false"><ns6:description></ns6:description><ns6:assignee>fitzpatrick</ns6:assignee><ns6:variables><ns6:variable name="Additional Info 1" value="levels=high, medium, low"/></ns6:variables></ns6:task><ns6:task name="hostility level" key="_22" bypassable="false"><ns6:description>are people in area generally considered sympathetic to US cause?</ns6:description><ns6:assignee>fitzpatrick</ns6:assignee><ns6:variables><ns6:variable name="Additional Info 1" value="levels=high, medium, low"/></ns6:variables></ns6:task></ns6:activities><ns6:activities sequential="true" name="terrain" key="" bypassable="false"><ns6:description></ns6:description><ns6:task name="mountainous" key="_3" bypassable="false"><ns6:description></ns6:description><ns6:assignee>fitzpatrick</ns6:assignee><ns6:variables/></ns6:task><ns6:task name="swamp or swamp like" key="_4" bypassable="false"><ns6:description></ns6:description><ns6:assignee>fitzpatrick</ns6:assignee><ns6:variables/></ns6:task><ns6:task name="desert" key="_5" bypassable="false"><ns6:description></ns6:description><ns6:assignee>fitzpatrick</ns6:assignee><ns6:variables/></ns6:task><ns6:task name="urban" key="_6" bypassable="false"><ns6:description></ns6:description><ns6:assignee>fitzpatrick</ns6:assignee><ns6:variables/></ns6:task><ns6:task name="bridges" key="_16" bypassable="false"><ns6:description></ns6:description><ns6:assignee>fitzpatrick</ns6:assignee><ns6:variables/></ns6:task><ns6:task name="narrow streets" key="_17" bypassable="false"><ns6:description></ns6:description><ns6:assignee>fitzpatrick</ns6:assignee><ns6:variables/></ns6:task></ns6:activities></ns6:activities><ns6:activities sequential="true" name="Availability" key="" bypassable="false"><ns6:description>can't deploy what you don't have</ns6:description><ns6:task name="current on hand" key="_7" bypassable="false"><ns6:description></ns6:description><ns6:assignee>fitzpatrick</ns6:assignee><ns6:variables/></ns6:task><ns6:task name="available within 2 hours notice" key="_8" bypassable="false"><ns6:description></ns6:description><ns6:assignee>fitzpatrick</ns6:assignee><ns6:variables/></ns6:task></ns6:activities><ns6:activities sequential="true" name="Distance from base" key="" bypassable="false"><ns6:description></ns6:description><ns6:task name="Fuel needs" key="_9" bypassable="false"><ns6:description></ns6:description><ns6:assignee>fitzpatrick</ns6:assignee><ns6:variables/></ns6:task></ns6:activities><ns6:activities sequential="true" name="Weather" key="" bypassable="false"><ns6:description></ns6:description><ns6:task name="Rain" key="_10" bypassable="false"><ns6:description></ns6:description><ns6:assignee>fitzpatrick</ns6:assignee><ns6:variables/></ns6:task><ns6:task name="Extreme heat" key="_11" bypassable="false"><ns6:description></ns6:description><ns6:assignee>fitzpatrick</ns6:assignee><ns6:variables/></ns6:task><ns6:task name="Wind" key="_12" bypassable="false"><ns6:description></ns6:description><ns6:assignee>fitzpatrick</ns6:assignee><ns6:variables/></ns6:task><ns6:task name="Sandstorm" key="_13" bypassable="false"><ns6:description></ns6:description><ns6:assignee>fitzpatrick</ns6:assignee><ns6:variables/></ns6:task></ns6:activities></ns6:activities><ns6:bypassAssignee>admin</ns6:bypassAssignee></ns6:process>