<?xml version="1.0" encoding="UTF-8" standalone="yes"?><ns6:process xmlns="http://www.omg.org/spec/BPMN/20100524/MODEL" xmlns:ns2="http://www.omg.org/spec/DD/20100524/DI" xmlns:ns3="http://www.omg.org/spec/BPMN/20100524/DI" xmlns:ns4="http://www.omg.org/spec/DD/20100524/DC" xmlns:ns5="http://www.wiredwidgets.org/cow/server/schema/service" xmlns:ns6="http://www.wiredwidgets.org/cow/server/schema/model-v2" xmlns:ns7="http://www.wiredwidgets.org/rem2/schema" name="Direct_Pressure" key="Direct_Pressure" maxId="13"><ns6:activities sequential="true" name="base" key="base"><ns6:activities sequential="true" name="Direct Pressure" key="" bypassable="false"><ns6:description></ns6:description><ns6:task name="Place hand directly on the wound" key="_2" bypassable="false"><ns6:description>Use glove or some other barrier between your hand and patient's wound.  This is to prevent spread of disease.</ns6:description><ns6:assignee>joe</ns6:assignee><ns6:variables/></ns6:task><ns6:task name="Apply enough force to stop the bleeding" key="_3" bypassable="false"><ns6:description>Even in the worst types of bleeding, you wonât need more than 3-4 pounds per square inch</ns6:description><ns6:assignee>joe</ns6:assignee><ns6:variables><ns6:variable name="Additional Info 1" value="datasource=[mysql://denim.mitre.org:3306/pr?user=grails%26password=grailspw]"/></ns6:variables></ns6:task><ns6:decision name="Bleeding stopped?" key="" bypassable="false"><ns6:description></ns6:description><ns6:task name="Bleeding stopped?" key="_4" bypassable="false"><ns6:description></ns6:description><ns6:assignee>joe</ns6:assignee><ns6:variables/></ns6:task><ns6:option name="Yes"><ns6:activities sequential="true" name="Yesoption" key="Yesoption" bypassable="false"><ns6:description></ns6:description><ns6:task name="If necessary, get patient to professional medical provider" key="_7" bypassable="false"><ns6:description></ns6:description><ns6:assignee>joe</ns6:assignee><ns6:variables><ns6:variable name="Additional Info 1" value="datasource=[mysql://denim.mitre.org:3306/books?user=grails%26password=grailspw]"/></ns6:variables></ns6:task></ns6:activities></ns6:option><ns6:option name="No"><ns6:activities sequential="true" name="Nooption" key="Nooption" bypassable="false"><ns6:description></ns6:description><ns6:task name="Try tourniquet" key="_8" bypassable="false"><ns6:description></ns6:description><ns6:assignee>joe</ns6:assignee><ns6:variables/></ns6:task></ns6:activities></ns6:option></ns6:decision></ns6:activities></ns6:activities><ns6:bypassAssignee>admin</ns6:bypassAssignee></ns6:process>