<?xml version="1.0" encoding="UTF-8" standalone="yes"?><ns6:process xmlns="http://www.omg.org/spec/BPMN/20100524/MODEL" xmlns:ns2="http://www.omg.org/spec/DD/20100524/DI" xmlns:ns3="http://www.omg.org/spec/BPMN/20100524/DI" xmlns:ns4="http://www.omg.org/spec/DD/20100524/DC" xmlns:ns5="http://www.wiredwidgets.org/cow/server/schema/service" xmlns:ns6="http://www.wiredwidgets.org/cow/server/schema/model-v2" xmlns:ns7="http://www.wiredwidgets.org/rem2/schema" name="Droid_Suitability" key="Droid_Suitability" maxId="74"><ns6:activities sequential="true" name="base" key="base"><ns6:task name="Get spill info" key="_2" bypassable="false"><ns6:description>keywords = spill, hazardous materials, cleanup, clean up, droid</ns6:description><ns6:assignee>prema</ns6:assignee><ns6:variables/></ns6:task><ns6:activities sequential="true" name="Droid construction check" key="" bypassable="false"><ns6:description>determine which type of droid can be used based on droid's construction materials</ns6:description><ns6:decision name="Exterior construction" key="" bypassable="false"><ns6:description>Determine if it is safe to use a droid with a metal exterior.</ns6:description><ns6:task name="Safe for a metal exterior?" key="_5" bypassable="false"><ns6:description></ns6:description><ns6:assignee>cbarrette</ns6:assignee><ns6:variables/></ns6:task><ns6:option name="Metal safe"><ns6:activities sequential="true" name="Metal safeoption" key="Metal safeoption" bypassable="false"><ns6:description></ns6:description><ns6:task name="Not safe for metal droid" key="_8" bypassable="false"><ns6:description></ns6:description><ns6:assignee>prema</ns6:assignee><ns6:variables/></ns6:task></ns6:activities></ns6:option><ns6:option name="Not metal safe"><ns6:activities sequential="true" name="Not metal safeoption" key="Not metal safeoption" bypassable="false"><ns6:description>Not safe to use droid with metal exterior</ns6:description><ns6:task name="Require plastic droid" key="_10" bypassable="false"><ns6:description></ns6:description><ns6:assignee>prema</ns6:assignee><ns6:variables/></ns6:task></ns6:activities></ns6:option></ns6:decision><ns6:decision name="Size constraints" key="" bypassable="false"><ns6:description>Depending on situation, there may be restrictions on droid size</ns6:description><ns6:task name="Does droid size matter?" key="_19" bypassable="false"><ns6:description></ns6:description><ns6:assignee>prema</ns6:assignee><ns6:variables/></ns6:task><ns6:option name="Yes"><ns6:activities sequential="true" name="Yesoption" key="Yesoption" bypassable="false"><ns6:description></ns6:description><ns6:task name="Less than 5 feet wide" key="_22" bypassable="false"><ns6:description>ex) needs to cross through heavily treed area</ns6:description><ns6:assignee>prema</ns6:assignee><ns6:variables/></ns6:task><ns6:task name="Less than 100 pounds" key="_30" bypassable="false"><ns6:description>unstable ground at site</ns6:description><ns6:assignee>prema</ns6:assignee><ns6:variables/></ns6:task></ns6:activities></ns6:option><ns6:option name="None"><ns6:activities sequential="true" name="Noneoption" key="Noneoption" bypassable="false"><ns6:description></ns6:description><ns6:task name="No size constraints" key="_23" bypassable="false"><ns6:description>open area so no size constraints</ns6:description><ns6:assignee>prema</ns6:assignee><ns6:variables/></ns6:task></ns6:activities></ns6:option></ns6:decision></ns6:activities><ns6:task name="Deploy droid at site" key="_43" bypassable="false"><ns6:description></ns6:description><ns6:assignee>cbarrette</ns6:assignee><ns6:variables/></ns6:task></ns6:activities><ns6:bypassAssignee>admin</ns6:bypassAssignee></ns6:process>