<?xml version="1.0" encoding="UTF-8" standalone="yes"?><ns6:process xmlns="http://www.omg.org/spec/BPMN/20100524/MODEL" xmlns:ns2="http://www.omg.org/spec/DD/20100524/DI" xmlns:ns3="http://www.omg.org/spec/BPMN/20100524/DI" xmlns:ns4="http://www.omg.org/spec/DD/20100524/DC" xmlns:ns5="http://www.wiredwidgets.org/cow/server/schema/service" xmlns:ns6="http://www.wiredwidgets.org/cow/server/schema/model-v2" xmlns:ns7="http://www.wiredwidgets.org/rem2/schema" name="Emergency_First_Aid_Tips" key="Emergency_First_Aid_Tips" maxId="17"><ns6:activities sequential="true" name="base" key="base"><ns6:task name="Recovery Position" key="_2" bypassable="false"><ns6:description>Proper position reduces how hard the body needs to work in order to sustain itself. It allows your body to focus on healing.

Just about any medical condition or trauma can be helped by the person lying down.

URL: http://www.todayifoundout.com/index.php/2013/02/top-5-first-aid-tricks-everyone-should-know-part-3-recovery-position/</ns6:description><ns6:assignee>prema</ns6:assignee><ns6:variables/></ns6:task><ns6:task name="Defibrillation" key="_13" bypassable="false"><ns6:description></ns6:description><ns6:assignee>mhowansky</ns6:assignee><ns6:variables/></ns6:task><ns6:task name="CPR" key="_14" bypassable="false"><ns6:description></ns6:description><ns6:assignee>prema</ns6:assignee><ns6:variables/></ns6:task><ns6:task name="Direct_Pressure" key="_15" bypassable="false"><ns6:description></ns6:description><ns6:assignee>lloren</ns6:assignee><ns6:variables/></ns6:task><ns6:task name="Temperature_Control" key="_16" bypassable="false"><ns6:description></ns6:description><ns6:assignee>joe</ns6:assignee><ns6:variables/></ns6:task></ns6:activities><ns6:bypassAssignee>admin</ns6:bypassAssignee></ns6:process>