<?xml version="1.0" encoding="UTF-8" standalone="yes"?><ns6:process xmlns="http://www.omg.org/spec/BPMN/20100524/MODEL" xmlns:ns2="http://www.omg.org/spec/DD/20100524/DI" xmlns:ns3="http://www.omg.org/spec/BPMN/20100524/DI" xmlns:ns4="http://www.omg.org/spec/DD/20100524/DC" xmlns:ns5="http://www.wiredwidgets.org/cow/server/schema/service" xmlns:ns6="http://www.wiredwidgets.org/cow/server/schema/model-v2" xmlns:ns7="http://www.wiredwidgets.org/rem2/schema" name="Emergency_Tracheotomy" key="Emergency_Tracheotomy" maxId="31"><ns6:activities sequential="true" name="base" key="base"><ns6:task name="Exhausted all other options" key="_2" bypassable="false"><ns6:description>Choking is lethal and is a leading cause of accidental deaths. In the most drastic of situations, if the Heimlich maneuver fails, a tracheotomy, or cricothyroidotomy, may have to be performed to save the personÃ¢€™s life. This procedure should be a last resort as it is extremely dangerous, ideally by a medical professional.</ns6:description><ns6:assignee>joe</ns6:assignee><ns6:variables/></ns6:task><ns6:activities sequential="true" name="Before performing Tracheotomy" key="" bypassable="false"><ns6:description></ns6:description><ns6:task name="Tell someone to call a paramedic" key="_3" bypassable="false"><ns6:description>Should still need professional care if the tracheotomy is successful</ns6:description><ns6:assignee>joe</ns6:assignee><ns6:variables><ns6:variable name="Additional Info 1" value="hospital_1_phone number=703-555-1212"/><ns6:variable name="Additional Info 2" value="hospital_2_phone number=804-555-1212"/></ns6:variables></ns6:task><ns6:activities sequential="true" name="Get sharp tool for cutting" key="" bypassable="false"><ns6:description></ns6:description><ns6:task name="Razor blade" key="_4" bypassable="false"><ns6:description></ns6:description><ns6:assignee>joe</ns6:assignee><ns6:variables/></ns6:task><ns6:task name="Sharp knife" key="_5" bypassable="false"><ns6:description></ns6:description><ns6:assignee>joe</ns6:assignee><ns6:variables/></ns6:task></ns6:activities><ns6:activities sequential="true" name="Get something to use as breathing tube" key="" bypassable="false"><ns6:description>This will be inserted after the incision is made.</ns6:description><ns6:task name="straw" key="_6" bypassable="false"><ns6:description>if small straws, might need 2 or 3</ns6:description><ns6:assignee>joe</ns6:assignee><ns6:variables/></ns6:task><ns6:task name="ballpoint pen" key="_7" bypassable="false"><ns6:description>with the inside (ink-filled tube) removed</ns6:description><ns6:assignee>joe</ns6:assignee><ns6:variables/></ns6:task><ns6:task name="stiff paper" key="_8" bypassable="false"><ns6:description>rolled into a tube</ns6:description><ns6:assignee>joe</ns6:assignee><ns6:variables/></ns6:task><ns6:task name="cardboard" key="_9" bypassable="false"><ns6:description>rolled into a tube</ns6:description><ns6:assignee>joe</ns6:assignee><ns6:variables/></ns6:task><ns6:task name="trache tube" key="_10" bypassable="false"><ns6:description>Good first aid kits may contain such tubes</ns6:description><ns6:assignee>joe</ns6:assignee><ns6:variables/></ns6:task></ns6:activities></ns6:activities><ns6:activities sequential="true" name="Performing Tracheotomy" key="" bypassable="false"><ns6:description></ns6:description><ns6:task name="Do not sterilize tools. No time." key="_11" bypassable="false"><ns6:description>infection is least of your worries since you have 3-4 minutes before brain damage becomes permanent</ns6:description><ns6:assignee>joe</ns6:assignee><ns6:variables/></ns6:task><ns6:activities sequential="true" name="Determine incision location on neck" key="" bypassable="false"><ns6:description></ns6:description><ns6:task name="Find the person's Adam's apple (thyroid cartilage)." key="_12" bypassable="false"><ns6:description>won't have Adam's apple if patient is female</ns6:description><ns6:assignee>joe</ns6:assignee><ns6:variables/></ns6:task><ns6:task name="Find second bulge" key="_13" bypassable="false"><ns6:description>Move your finger about one inch down the neck until you feel another bulge.  This is the cricoid cartilage. The indentation between the two is the cricothyroid membrane, where the incision will be made.</ns6:description><ns6:assignee>joe</ns6:assignee><ns6:variables/></ns6:task></ns6:activities><ns6:task name="Cutting or making incision" key="_14" bypassable="false"><ns6:description>Take the razor blade or knife and make a half-inch horizontal incision.  The cut should be about half an inch deep. There should not be too much blood.</ns6:description><ns6:assignee>joe</ns6:assignee><ns6:variables/></ns6:task><ns6:task name="Opening or pinching incision" key="_15" bypassable="false"><ns6:description>Pinch the incision open or place your finger inside the slit to open it.</ns6:description><ns6:assignee>joe</ns6:assignee><ns6:variables/></ns6:task><ns6:task name="Insert tube into incision" key="_16" bypassable="false"><ns6:description>Insert your tube in the incision, roughly one-half to one inch deep.</ns6:description><ns6:assignee>joe</ns6:assignee><ns6:variables/></ns6:task><ns6:task name="Breathe into tube" key="_17" bypassable="false"><ns6:description>Breathe into the tube with two quick breaths.  Pause five seconds, then give one breath every five seconds.</ns6:description><ns6:assignee>joe</ns6:assignee><ns6:variables/></ns6:task><ns6:decision name="Patient breathing and regained consciousness?" key="" bypassable="false"><ns6:description>You will see the chest rise and the person should regain consciousness if you have performed the procedure correctly.  The person should be able to breathe on their own, albeit with some difficulty, until help arrives</ns6:description><ns6:task name="Is the patient's chest rising and have they regained consciousness?" key="_18" bypassable="false"><ns6:description></ns6:description><ns6:assignee>joe</ns6:assignee><ns6:variables/></ns6:task><ns6:option name="Yes"><ns6:activities sequential="true" name="Yesoption" key="Yesoption" bypassable="false"><ns6:description></ns6:description><ns6:task name="Wait for professional medical help to arrive" key="_21" bypassable="false"><ns6:description>Patient will need follow up medical care</ns6:description><ns6:assignee>joe</ns6:assignee><ns6:variables/></ns6:task></ns6:activities></ns6:option><ns6:option name="No"><ns6:activities sequential="true" name="Nooption" key="Nooption" bypassable="false"><ns6:description>Nothing more you can do.</ns6:description><ns6:exit state="Patient died or will have permanent brain damage" name="Exit" key="_22" bypassable="false"><ns6:description></ns6:description></ns6:exit></ns6:activities></ns6:option></ns6:decision></ns6:activities></ns6:activities><ns6:bypassAssignee>admin</ns6:bypassAssignee></ns6:process>