<?xml version="1.0" encoding="UTF-8" standalone="yes"?><ns6:process xmlns="http://www.omg.org/spec/BPMN/20100524/MODEL" xmlns:ns2="http://www.omg.org/spec/DD/20100524/DI" xmlns:ns3="http://www.omg.org/spec/BPMN/20100524/DI" xmlns:ns4="http://www.omg.org/spec/DD/20100524/DC" xmlns:ns5="http://www.wiredwidgets.org/cow/server/schema/service" xmlns:ns6="http://www.wiredwidgets.org/cow/server/schema/model-v2" xmlns:ns7="http://www.wiredwidgets.org/rem2/schema" name="Emergency_First_Aid" key="Emergency_First_Aid" maxId="22"><ns6:activities sequential="true" name="base" key="base"><ns6:task name="Identify Injured People" key="_2" bypassable="false"><ns6:description>Look around scene and find all injured people.  Ask people on the scene if there are other injured people related to the emergency that can't be seen in the immediate area.</ns6:description><ns6:assignee>joe</ns6:assignee><ns6:variables/></ns6:task><ns6:decision name="Injured require medical attention?" key="" bypassable="false"><ns6:description>Paramedic or doctor</ns6:description><ns6:task name="Should anyone be evaluated by a medical professional?" key="_3" bypassable="false"><ns6:description></ns6:description><ns6:assignee>joe</ns6:assignee><ns6:variables/></ns6:task><ns6:option name="No"><ns6:activities sequential="true" name="Nooption" key="Nooption" bypassable="false"><ns6:description>Minor wound or bruise.</ns6:description><ns6:task name="Band aid or nothing at all." key="_6" bypassable="false"><ns6:description>Maybe give them some Neosporin if necessary</ns6:description><ns6:assignee>joe</ns6:assignee><ns6:variables/></ns6:task></ns6:activities></ns6:option><ns6:option name="Yes"><ns6:activities sequential="true" name="Yesoption" key="Yesoption" bypassable="false"><ns6:description>Severe wound or should be checked out by professional just in case</ns6:description><ns6:task name="Call for nearest ambulance" key="_7" bypassable="false"><ns6:description>call for nearest ambulance</ns6:description><ns6:assignee>joe</ns6:assignee><ns6:variables/></ns6:task><ns6:decision name="Ambulance nearby?" key="" bypassable="false"><ns6:description>If there's a choking victim, need to be within 4 minutes.</ns6:description><ns6:task name="Can an ambulance get to scene within time needed?" key="_12" bypassable="false"><ns6:description></ns6:description><ns6:assignee>joe</ns6:assignee><ns6:variables/></ns6:task><ns6:option name="No"><ns6:activities sequential="true" name="Nooption" key="Nooption" bypassable="false"><ns6:description>None within ? minutes</ns6:description><ns6:task name="Decide if you can help the person" key="_15" bypassable="false"><ns6:description></ns6:description><ns6:assignee>joe</ns6:assignee><ns6:variables/></ns6:task><ns6:decision name="Choking with sound?" key="" bypassable="false"><ns6:description>With sound means the person might be able to cough up whatever is stuck.</ns6:description><ns6:task name="Is the person choking with sound?" key="_16" bypassable="false"><ns6:description></ns6:description><ns6:assignee>joe</ns6:assignee><ns6:variables/></ns6:task><ns6:option name="Yes"><ns6:activities sequential="true" name="Yesoption" key="Yesoption" bypassable="false"><ns6:description>Person might just need heimlich maneuver help</ns6:description><ns6:task name="Determine if person needs help" key="_19" bypassable="false"><ns6:description>If they do need help, start Heimlich maneuver</ns6:description><ns6:assignee>joe</ns6:assignee><ns6:variables/></ns6:task></ns6:activities></ns6:option><ns6:option name="No"><ns6:activities sequential="true" name="Nooption" key="Nooption" bypassable="false"><ns6:description>Bad!</ns6:description><ns6:task name="Perform emergency tracheotomy" key="_20" bypassable="false"><ns6:description>Need razor, straw or ballpoint pen</ns6:description><ns6:assignee>prema</ns6:assignee><ns6:variables/></ns6:task></ns6:activities></ns6:option></ns6:decision></ns6:activities></ns6:option><ns6:option name="Yes"><ns6:activities sequential="true" name="Yesoption" key="Yesoption" bypassable="false"><ns6:description></ns6:description><ns6:task name="Request ambulance" key="_21" bypassable="false"><ns6:description>call them to come to scene</ns6:description><ns6:assignee>joe</ns6:assignee><ns6:variables/></ns6:task></ns6:activities></ns6:option></ns6:decision></ns6:activities></ns6:option></ns6:decision></ns6:activities><ns6:bypassAssignee>admin</ns6:bypassAssignee></ns6:process>