<?xml version="1.0" encoding="UTF-8" standalone="yes"?><ns6:process xmlns="http://www.omg.org/spec/BPMN/20100524/MODEL" xmlns:ns2="http://www.omg.org/spec/DD/20100524/DI" xmlns:ns3="http://www.omg.org/spec/BPMN/20100524/DI" xmlns:ns4="http://www.omg.org/spec/DD/20100524/DC" xmlns:ns5="http://www.wiredwidgets.org/cow/server/schema/service" xmlns:ns6="http://www.wiredwidgets.org/cow/server/schema/model-v2" xmlns:ns7="http://www.wiredwidgets.org/rem2/schema" name="exitcheck" key="exitcheck"><ns6:activities sequential="true" name="base" key="base"><ns6:task name="Task 1" key="_4" bypassable="false"><ns6:description></ns6:description><ns6:assignee>mhowansky</ns6:assignee><ns6:variables/></ns6:task><ns6:exit state="" name="Exit" key="Exit" bypassable="false"><ns6:description></ns6:description></ns6:exit></ns6:activities><ns6:bypassAssignee>admin</ns6:bypassAssignee></ns6:process>