<?xml version="1.0" encoding="UTF-8" standalone="yes"?><ns6:process xmlns="http://www.omg.org/spec/BPMN/20100524/MODEL" xmlns:ns2="http://www.omg.org/spec/DD/20100524/DI" xmlns:ns3="http://www.omg.org/spec/BPMN/20100524/DI" xmlns:ns4="http://www.omg.org/spec/DD/20100524/DC" xmlns:ns5="http://www.wiredwidgets.org/cow/server/schema/service" xmlns:ns6="http://www.wiredwidgets.org/cow/server/schema/model-v2" xmlns:ns7="http://www.wiredwidgets.org/rem2/schema" name="General_Hazmat_Response" key="General_Hazmat_Response" maxId="24"><ns6:activities sequential="true" name="base" key="base"><ns6:activities sequential="true" name="Notification or Communication" key="" bypassable="false"><ns6:description></ns6:description><ns6:task name="CB_Radio" key="_8" bypassable="false"><ns6:description></ns6:description><ns6:assignee>lloren</ns6:assignee><ns6:variables/></ns6:task><ns6:task name="Morse_Code" key="_9" bypassable="false"><ns6:description></ns6:description><ns6:assignee>lloren</ns6:assignee><ns6:variables/></ns6:task><ns6:task name="Pony_Express" key="_10" bypassable="false"><ns6:description></ns6:description><ns6:assignee>joe</ns6:assignee><ns6:variables><ns6:variable name="Additional Info 1" value="datasource=[mysql://denim.mitre.org:3306/imdb?user=grails&amp;password=grailspw]"/></ns6:variables></ns6:task></ns6:activities><ns6:activities sequential="true" name="Identification of substances" key="" bypassable="false"><ns6:description></ns6:description><ns6:task name="Acquire_Substance_by_Droid" key="_11" bypassable="false"><ns6:description></ns6:description><ns6:assignee>joe</ns6:assignee><ns6:variables/></ns6:task><ns6:task name="Bodysuit_Express" key="_12" bypassable="false"><ns6:description></ns6:description><ns6:assignee>joe</ns6:assignee><ns6:variables/></ns6:task><ns6:task name="Droid_Suitability" key="_13" bypassable="false"><ns6:description></ns6:description><ns6:assignee>joe</ns6:assignee><ns6:variables/></ns6:task></ns6:activities><ns6:activities sequential="true" name="Medical treatment" key="" bypassable="false"><ns6:description></ns6:description><ns6:task name="Emergency_Tracheotomy" key="_14" bypassable="false"><ns6:description></ns6:description><ns6:assignee>prema</ns6:assignee><ns6:variables/></ns6:task><ns6:task name="Emergency_First_Aid_Tips" key="_15" bypassable="false"><ns6:description></ns6:description><ns6:assignee>prema</ns6:assignee><ns6:variables/></ns6:task></ns6:activities><ns6:activities sequential="true" name="Cleanup" key="" bypassable="false"><ns6:description></ns6:description><ns6:task name="Hazmat_Cleanup" key="_16" bypassable="false"><ns6:description></ns6:description><ns6:assignee>joe</ns6:assignee><ns6:variables/></ns6:task><ns6:task name="Hazmat_Retrieval-Long_Distance" key="_19" bypassable="false"><ns6:description></ns6:description><ns6:assignee>joe</ns6:assignee><ns6:variables/></ns6:task></ns6:activities></ns6:activities><ns6:bypassAssignee>admin</ns6:bypassAssignee></ns6:process>