<?xml version="1.0" encoding="UTF-8" standalone="yes"?><ns6:process xmlns="http://www.omg.org/spec/BPMN/20100524/MODEL" xmlns:ns2="http://www.omg.org/spec/DD/20100524/DI" xmlns:ns3="http://www.omg.org/spec/BPMN/20100524/DI" xmlns:ns4="http://www.omg.org/spec/DD/20100524/DC" xmlns:ns5="http://www.wiredwidgets.org/cow/server/schema/service" xmlns:ns6="http://www.wiredwidgets.org/cow/server/schema/model-v2" xmlns:ns7="http://www.wiredwidgets.org/rem2/schema" name="Hazmat_Emergency" key="Hazmat_Emergency" maxId="106"><ns6:activities sequential="true" name="base" key="base"><ns6:task name="Receive 911 call" key="_2" bypassable="false"><ns6:description>911 call received about accident involving hazardous material spill</ns6:description><ns6:assignee>joe</ns6:assignee><ns6:variables/></ns6:task><ns6:activities sequential="true" name="Identify Substance" key="" bypassable="false"><ns6:description></ns6:description><ns6:task name="Placards" key="_27" bypassable="false"><ns6:description></ns6:description><ns6:assignee>test2</ns6:assignee><ns6:variables/></ns6:task><ns6:task name="Container Labels" key="_28" bypassable="false"><ns6:description></ns6:description><ns6:assignee>test2</ns6:assignee><ns6:variables/></ns6:task><ns6:task name="Shipping Documents" key="_29" bypassable="false"><ns6:description></ns6:description><ns6:assignee>test2</ns6:assignee><ns6:variables/></ns6:task><ns6:task name="Rail Car and Road Trailer Identification Chart" key="_30" bypassable="false"><ns6:description></ns6:description><ns6:assignee>test2</ns6:assignee><ns6:variables/></ns6:task><ns6:task name="Material Safety Data Sheets (MSDS)" key="_31" bypassable="false"><ns6:description></ns6:description><ns6:assignee>test2</ns6:assignee><ns6:variables/></ns6:task><ns6:task name="Knowledge of persons on scene" key="_32" bypassable="false"><ns6:description></ns6:description><ns6:assignee>test2</ns6:assignee><ns6:variables/></ns6:task><ns6:task name="Consult applicable guide page" key="_33" bypassable="false"><ns6:description></ns6:description><ns6:assignee>test2</ns6:assignee><ns6:variables/></ns6:task><ns6:activities sequential="true" name="Hazmat-Obtain_substance_sample" key="" bypassable="false"><ns6:description></ns6:description><ns6:activities sequential="true" name="Put on protective gear" key="" bypassable="false"><ns6:description></ns6:description><ns6:task name="Mask" key="_2" bypassable="false"><ns6:description></ns6:description><ns6:assignee>joe</ns6:assignee><ns6:variables/></ns6:task><ns6:task name="Boots" key="_3" bypassable="false"><ns6:description></ns6:description><ns6:assignee>joe</ns6:assignee><ns6:variables/></ns6:task><ns6:task name="Bodysuit" key="_4" bypassable="false"><ns6:description></ns6:description><ns6:assignee>joe</ns6:assignee><ns6:variables/></ns6:task><ns6:task name="Gloves" key="_5" bypassable="false"><ns6:description></ns6:description><ns6:assignee>joe</ns6:assignee><ns6:variables/></ns6:task></ns6:activities><ns6:activities sequential="true" name="Obtain appropriate containers" key="" bypassable="false"><ns6:description></ns6:description><ns6:task name="Determine number of containers needed" key="_6" bypassable="false"><ns6:description></ns6:description><ns6:assignee>joe</ns6:assignee><ns6:variables/></ns6:task><ns6:task name="Obtain necessary containers" key="_7" bypassable="false"><ns6:description></ns6:description><ns6:assignee>joe</ns6:assignee><ns6:variables/></ns6:task><ns6:task name="Label containers" key="_8" bypassable="false"><ns6:description></ns6:description><ns6:assignee>joe</ns6:assignee><ns6:variables/></ns6:task></ns6:activities><ns6:activities sequential="true" name="Collect sample" key="" bypassable="false"><ns6:description></ns6:description><ns6:task name="Scoop" key="_11" bypassable="false"><ns6:description>if solid or liquid, then try scooping</ns6:description><ns6:assignee>joe</ns6:assignee><ns6:variables/></ns6:task><ns6:task name="Vacuum" key="_12" bypassable="false"><ns6:description></ns6:description><ns6:assignee>joe</ns6:assignee><ns6:variables/></ns6:task><ns6:task name="Capture" key="_13" bypassable="false"><ns6:description>might be able to capture gas vapors</ns6:description><ns6:assignee>joe</ns6:assignee><ns6:variables/></ns6:task></ns6:activities></ns6:activities><ns6:task name="Test sample to validate identification" key="_47" bypassable="false"><ns6:description></ns6:description><ns6:assignee>joe</ns6:assignee><ns6:variables/></ns6:task></ns6:activities><ns6:decision name="Hazardous Materials Involved" key="" bypassable="false"><ns6:description></ns6:description><ns6:task name="Hazardous Materials Involved?" key="_3" bypassable="false"><ns6:description></ns6:description><ns6:assignee>joe</ns6:assignee><ns6:variables/></ns6:task><ns6:option name="No"><ns6:activities sequential="true" name="Nooption" key="Nooption" bypassable="false"><ns6:description></ns6:description><ns6:exit state="" name="Exit" key="Exit" bypassable="false"><ns6:description></ns6:description></ns6:exit></ns6:activities></ns6:option><ns6:option name="Yes"><ns6:activities sequential="true" name="Yesoption" key="Yesoption" bypassable="false"><ns6:description></ns6:description><ns6:activities sequential="true" name="Hazmat_Cleanup" key="" bypassable="false"><ns6:description></ns6:description><ns6:activities sequential="true" name="Cleanup process" key="Option 3" bypassable="false"><ns6:description></ns6:description><ns6:task name="Determine Cleanup Leader" key="_2" bypassable="false"><ns6:description>usually head of local fire department</ns6:description><ns6:assignee>joe</ns6:assignee><ns6:variables/></ns6:task><ns6:decision name="Has the release occurred on a roadway?" key="" bypassable="false"><ns6:description>other keywords = interstate, street, spill, hazardous materials</ns6:description><ns6:task name="Release on roadway?" key="_3" bypassable="false"><ns6:description></ns6:description><ns6:assignee>joe</ns6:assignee><ns6:variables/></ns6:task><ns6:option name="Yes"><ns6:activities sequential="true" name="Yesoption" key="Yesoption" bypassable="false"><ns6:description></ns6:description><ns6:task name="State Police will secure the area" key="_6" bypassable="false"><ns6:description></ns6:description><ns6:assignee>joe</ns6:assignee><ns6:variables/></ns6:task></ns6:activities></ns6:option></ns6:decision><ns6:decision name="Has the release reached a waterway or drainage basin?" key="" bypassable="false"><ns6:description></ns6:description><ns6:task name="Release reached a waterway or drainage basin?" key="_7" bypassable="false"><ns6:description></ns6:description><ns6:assignee>joe</ns6:assignee><ns6:variables/></ns6:task><ns6:option name="Yes"><ns6:activities sequential="true" name="Yesoption" key="Yesoption" bypassable="false"><ns6:description></ns6:description><ns6:task name="Water Department determine release impact on the watershed" key="_10" bypassable="false"><ns6:description></ns6:description><ns6:assignee>joe</ns6:assignee><ns6:variables/></ns6:task></ns6:activities></ns6:option></ns6:decision><ns6:decision name="Does the release require reporting to the DEP?" key="" bypassable="false"><ns6:description></ns6:description><ns6:task name="Need report to DEP?" key="_11" bypassable="false"><ns6:description></ns6:description><ns6:assignee>joe</ns6:assignee><ns6:variables/></ns6:task><ns6:option name="Yes"><ns6:activities sequential="true" name="Yesoption" key="Yesoption" bypassable="false"><ns6:description></ns6:description><ns6:task name="Fire Department will contact DEP" key="_14" bypassable="false"><ns6:description>DEP will oversee the cleanup efforts.</ns6:description><ns6:assignee>joe</ns6:assignee><ns6:variables/></ns6:task></ns6:activities></ns6:option></ns6:decision><ns6:decision name="Does the potentially responsible party (PRP) have a contracted spill response company?" key="" bypassable="false"><ns6:description></ns6:description><ns6:task name="PRP have contracted spill response company?" key="_15" bypassable="false"><ns6:description></ns6:description><ns6:assignee>joe</ns6:assignee><ns6:variables/></ns6:task><ns6:option name="Yes"><ns6:activities sequential="true" name="Yesoption" key="Yesoption" bypassable="false"><ns6:description></ns6:description><ns6:task name="PRP contractor will conduct final cleanup." key="_18" bypassable="false"><ns6:description></ns6:description><ns6:assignee>joe</ns6:assignee><ns6:variables/></ns6:task></ns6:activities></ns6:option><ns6:option name="No"><ns6:activities sequential="true" name="Nooption" key="Nooption" bypassable="false"><ns6:description></ns6:description><ns6:task name="DEP or Fire Department will notify a contractor to conduct final cleanup" key="_19" bypassable="false"><ns6:description>DEP or Fire Department will notify a contractor to conduct final cleanup</ns6:description><ns6:assignee>joe</ns6:assignee><ns6:variables/></ns6:task></ns6:activities></ns6:option></ns6:decision></ns6:activities></ns6:activities></ns6:activities></ns6:option></ns6:decision></ns6:activities><ns6:bypassAssignee>admin</ns6:bypassAssignee></ns6:process>