<?xml version="1.0" encoding="UTF-8" standalone="yes"?><ns6:process xmlns="http://www.omg.org/spec/BPMN/20100524/MODEL" xmlns:ns2="http://www.omg.org/spec/DD/20100524/DI" xmlns:ns3="http://www.omg.org/spec/BPMN/20100524/DI" xmlns:ns4="http://www.omg.org/spec/DD/20100524/DC" xmlns:ns5="http://www.wiredwidgets.org/cow/server/schema/service" xmlns:ns6="http://www.wiredwidgets.org/cow/server/schema/model-v2" xmlns:ns7="http://www.wiredwidgets.org/rem2/schema" name="hoanhScript" key="hoanhScript" maxId="0"><ns6:activities sequential="true" key="_EE94AD89-4870-454C-AD71-270EA6EA4ADA"><ns6:script name="script" key="_30CF6134-0F6A-4134-A91A-ABB994A46E84"><ns6:content>
      		System.out.println("####script: setting variable");
      		kcontext.setVariable("var1", "var1Value");
      	</ns6:content></ns6:script><ns6:script name="script_2" key="_B8A9688D-25C7-47F0-B1FA-0212C7B98E0F"><ns6:content>
      		System.out.println("####script read variable: " + var1);
      	</ns6:content></ns6:script><ns6:task name="task one" key="_8C71FC61-91D6-4853-B95C-52F03DF90F91"><ns6:description>this is a description of task 1</ns6:description><ns6:candidateGroups>SIDO</ns6:candidateGroups></ns6:task></ns6:activities></ns6:process>