<?xml version="1.0" encoding="UTF-8" standalone="yes"?><ns6:process xmlns="http://www.omg.org/spec/BPMN/20100524/MODEL" xmlns:ns2="http://www.omg.org/spec/DD/20100524/DI" xmlns:ns3="http://www.omg.org/spec/BPMN/20100524/DI" xmlns:ns4="http://www.omg.org/spec/DD/20100524/DC" xmlns:ns5="http://www.wiredwidgets.org/cow/server/schema/service" xmlns:ns6="http://www.wiredwidgets.org/cow/server/schema/model-v2" xmlns:ns7="http://www.wiredwidgets.org/rem2/schema" name="HoanhTest2" key="HoanhTest2" maxId="0"><ns6:activities sequential="true" key="_74BDBF58-C53F-4A23-A1B1-4BC1003F2DF9"><ns6:task name="Task 1" key="_050138FA-13EA-43B0-A872-50FCC78B8DE7" bypassable="false"><ns6:description>Complete to start service call</ns6:description><ns6:assignee>bgoodrich</ns6:assignee><ns6:variables><ns6:variable name="line1" value="FMV" output="true"/><ns6:variable name="line2" value="LTE Ad-Hoc" output="true"/><ns6:variable name="line3" value="34.256325 -116.086678" output="true"/><ns6:variable name="line4" value="Test EEIs" output="true"/><ns6:variable name="line5" value="2012-10-30T00:00:00Z/2012-10-30T23:59:59Z" output="true"/><ns6:variable name="line6" value="line 6" output="true"/><ns6:variable name="line7" value="line 7" output="true"/><ns6:variable name="line8" value="line 8" output="true"/></ns6:variables></ns6:task><ns6:serviceTask name="ServiceTask 1" key="_CE517074-DC09-494B-9B40-14AE924DD3F2" bypassable="false"><ns6:description></ns6:description><ns6:method>POST</ns6:method><ns6:url>http://phonemicrowave.mitre.org:8080/RequestSubmissionService/RequestSubmissionService</ns6:url><ns6:content>
&lt;S:Envelope xmlns:S="http://schemas.xmlsoap.org/soap/envelope/"&gt;
               &lt;S:Body&gt;
                              &lt;ns30:SubmitRequest xmlns="http://metadata.dod.mil/mdr/ns/aocoi/2.0/core/"
                                             xmlns:ns2="http://metadata.dod.mil/mdr/ns/aocoi/2.0/airspacerelease/"
                                             xmlns:ns3="urn:us:gov:ic:ism:v2" xmlns:ns4="http://metadata.dod.mil/mdr/ns/aocoi/2.0/reference/"
                                             xmlns:ns5="http://metadata.dod.mil/mdr/ns/aocoi/2.0/aircraftmodel/"
                                             xmlns:ns6="http://metadata.dod.mil/mdr/ns/aocoi/2.0/aircraftconfiguration/"
                                             xmlns:ns7="http://metadata.dod.mil/mdr/ns/aocoi/2.0/sensor/"
                                             xmlns:ns8="http://metadata.dod.mil/mdr/ns/aocoi/2.0/unit/" xmlns:ns9="http://metadata.dod.mil/mdr/ns/aocoi/2.0/airspacegroup/"
                                             xmlns:ns10="http://metadata.dod.mil/mdr/ns/aocoi/2.0/controlagency/"
                                             xmlns:ns11="http://metadata.dod.mil/mdr/ns/aocoi/2.0/airspace/"
                                             xmlns:ns12="http://metadata.dod.mil/mdr/ns/aocoi/2.0/shape/"
                                             xmlns:ns13="http://metadata.dod.mil/mdr/ns/aocoi/2.0/release/"
                                             xmlns:ns14="http://metadata.dod.mil/mdr/ns/aocoi/2.0/frobrelease/"
                                             xmlns:ns15="http://metadata.dod.mil/mdr/ns/aocoi/2.0/ordnance/"
                                             xmlns:ns16="http://metadata.dod.mil/mdr/ns/aocoi/2.0/missionrelease/"
                                             xmlns:ns17="http://metadata.dod.mil/mdr/ns/aocoi/2.0/mission/"
                                             xmlns:ns18="http://metadata.dod.mil/mdr/ns/aocoi/2.0/route/"
                                             xmlns:ns19="http://metadata.dod.mil/mdr/ns/aocoi/2.0/task/"
                                             xmlns:ns20="http://metadata.dod.mil/mdr/ns/aocoi/2.0/request/"
                                             xmlns:ns21="http://metadata.dod.mil/mdr/ns/aocoi/2.0/sortie/"
                                             xmlns:ns22="http://metadata.dod.mil/mdr/ns/aocoi/2.0/sortie/crewassignment/"
                                             xmlns:ns23="http://metadata.dod.mil/mdr/ns/aocoi/2.0/target/"
                                             xmlns:ns24="http://metadata.dod.mil/mdr/ns/aocoi/2.0/location/"
                                             xmlns:ns25="http://metadata.dod.mil/mdr/ns/aocoi/2.0/package/"
                                             xmlns:ns26="http://metadata.dod.mil/mdr/ns/aocoi/2.0/tacticalinformation/"
                                             xmlns:ns27="http://metadata.dod.mil/mdr/ns/aocoi/2.0/unitcontract/"
                                             xmlns:ns28="http://metadata.dod.mil/mdr/ns/aocoi/2.0/aocontext/"
                                             xmlns:ns29="http://metadata.dod.mil/mdr/ns/aocoi/2.0/request/services/"
                                             xmlns:ns30="http://metadata.dod.mil/mdr/ns/aocoi/2.0/requestsubmission/services/wsdl/"&gt;
                                             &lt;ns20:RequestToAdd&gt;
                                                            &lt;ns20:RequestAction&gt;create&lt;/ns20:RequestAction&gt;
                                                            &lt;ns20:RequestType
                                                                           xmlns:ns31="http://metadata.dod.mil/mdr/ns/aocoi/2.0/airrequest/"&gt;ns31:EightLineISRRequestDetails&lt;/ns20:RequestType&gt;
                                                            &lt;ns20:RequestLabel&gt;${line1}: ${line2}&lt;/ns20:RequestLabel&gt;
                                                            &lt;ns20:RequestDetails&gt;
                                                                           &lt;ns29:EightLineISRRequestDetails
                                                                                          xmlns:ns29="http://metadata.dod.mil/mdr/ns/aocoi/2.0/airrequest/"
                                                                                          xmlns:ns10="http://metadata.dod.mil/mdr/ns/aocoi/2.0/sensor/"
                                                                                          xmlns:ns11="http://metadata.dod.mil/mdr/ns/aocoi/2.0/unit/"
                                                                                          xmlns:ns12="http://metadata.dod.mil/mdr/ns/aocoi/2.0/airspace/"
                                                                                          xmlns:ns13="http://metadata.dod.mil/mdr/ns/aocoi/2.0/shape/"
                                                                                          xmlns:ns14="http://metadata.dod.mil/mdr/ns/aocoi/2.0/airspacegroup/"
                                                                                          xmlns:ns15="http://metadata.dod.mil/mdr/ns/aocoi/2.0/release/"
                                                                                          xmlns:ns16="http://metadata.dod.mil/mdr/ns/aocoi/2.0/frobrelease/"
                                                                                          xmlns:ns17="http://metadata.dod.mil/mdr/ns/aocoi/2.0/controlagency/"
                                                                                          xmlns:ns18="http://metadata.dod.mil/mdr/ns/aocoi/2.0/missionrelease/"
                                                                                          xmlns:ns19="http://metadata.dod.mil/mdr/ns/aocoi/2.0/location/"
                                                                                          xmlns:ns2="http://metadata.dod.mil/mdr/ns/aocoi/2.0/request/"
                                                                                          xmlns:ns20="http://metadata.dod.mil/mdr/ns/aocoi/2.0/ordnance/"
                                                                                          xmlns:ns21="http://metadata.dod.mil/mdr/ns/aocoi/2.0/route/"
                                                                                          xmlns:ns22="http://metadata.dod.mil/mdr/ns/aocoi/2.0/task/"
                                                                                          xmlns:ns23="http://metadata.dod.mil/mdr/ns/aocoi/2.0/sortie/"
                                                                                          xmlns:ns24="http://metadata.dod.mil/mdr/ns/aocoi/2.0/sortie/crewassignment/"
                                                                                          xmlns:ns25="http://metadata.dod.mil/mdr/ns/aocoi/2.0/target/"
                                                                                          xmlns:ns28="http://metadata.dod.mil/mdr/ns/aocoi/2.0/package/"
                                                                                          xmlns:ns4="http://metadata.dod.mil/mdr/ns/aocoi/2.0/aocontext/"
                                                                                          xmlns:ns5="http://metadata.dod.mil/mdr/ns/aocoi/2.0/airspacerelease/"
                                                                                          xmlns:ns6="http://metadata.dod.mil/mdr/ns/aocoi/2.0/reference/"
                                                                                          xmlns:ns7="http://metadata.dod.mil/mdr/ns/aocoi/2.0/mission/"
                                                                                          xmlns:ns8="http://metadata.dod.mil/mdr/ns/aocoi/2.0/aircraftmodel/"
                                                                                          xmlns:ns9="http://metadata.dod.mil/mdr/ns/aocoi/2.0/aircraftconfiguration/"&gt;
                                                                                          &lt;ns29:DesiredSupport&gt;${line1}&lt;/ns29:DesiredSupport&gt;
                                                                                          &lt;ns29:TargetName&gt;${line2}&lt;/ns29:TargetName&gt;
                                                                                          &lt;ns29:TargetLocation&gt;${line3}&lt;/ns29:TargetLocation&gt;
                                                                                          &lt;ns29:EEI&gt;${line4}&lt;/ns29:EEI&gt;
                                                                                          &lt;ns29:ELTIOV&gt;${line5}&lt;/ns29:ELTIOV&gt;
                                                                                          &lt;ns29:ReportingInstructions&gt;${line6}&lt;/ns29:ReportingInstructions&gt;
                                                                                          &lt;ns29:ISRDetection&gt;${line7}&lt;/ns29:ISRDetection&gt;
                                                                                          &lt;ns29:Deconfliction&gt;${line8}&lt;/ns29:Deconfliction&gt;
                                                                           &lt;/ns29:EightLineISRRequestDetails&gt;
                                                            &lt;/ns20:RequestDetails&gt;
                                             &lt;/ns20:RequestToAdd&gt;
                              &lt;/ns30:SubmitRequest&gt;
               &lt;/S:Body&gt;
&lt;/S:Envelope&gt;
         </ns6:content><ns6:var>requestUUID</ns6:var><ns6:resultSelectorXPath>//RequestKey/text()</ns6:resultSelectorXPath></ns6:serviceTask><ns6:task name="Task 3" key="_61F10550-CC6F-45A7-AD6E-3F2273EF28CC" bypassable="false"><ns6:description>View result of svc call</ns6:description><ns6:assignee>bgoodrich</ns6:assignee><ns6:variables><ns6:variable name="server" value="phonemicrowave.mitre.org" output="true"/><ns6:variable name="user" value="someone" output="true"/></ns6:variables></ns6:task><ns6:script name="script" key="_54C08864-0219-4D10-B238-0F19B30F77EB"><ns6:content>
                             System.out.println("####script variables: " + variables);
                             server = variables.get("server");
                             user = variables.get("user");
                             uuid = variables.get("requestUUID");
                             url = "http://" + server + ":8080/ideam-webapp/rest/launchAction/" + user + "/" + uuid + "/Interpret/org.mitre.c2is.entity.request.GenericRequest";
                             variables.put("url", url);
                             System.out.println("####script variables: " + variables);
              </ns6:content></ns6:script><ns6:task name="task 4" key="_F65C1EE6-0316-421C-9890-B89B75D521C4"><ns6:description>Result is in message variable</ns6:description><ns6:assignee>bgoodrich</ns6:assignee></ns6:task></ns6:activities><ns6:variables/><ns6:bypassAssignee>admin</ns6:bypassAssignee></ns6:process>