<?xml version="1.0" encoding="UTF-8" standalone="yes"?><ns6:process xmlns="http://www.omg.org/spec/BPMN/20100524/MODEL" xmlns:ns2="http://www.omg.org/spec/DD/20100524/DI" xmlns:ns3="http://www.omg.org/spec/BPMN/20100524/DI" xmlns:ns4="http://www.omg.org/spec/DD/20100524/DC" xmlns:ns5="http://www.wiredwidgets.org/cow/server/schema/service" xmlns:ns6="http://www.wiredwidgets.org/cow/server/schema/model-v2" xmlns:ns7="http://www.wiredwidgets.org/rem2/schema" name="I2_TestWF" key="I2_TestWF" maxId="10"><ns6:activities sequential="true" name="base" key="base"><ns6:task name="Task 1" key="_2" bypassable="false"><ns6:description></ns6:description><ns6:assignee>cbarrette</ns6:assignee><ns6:variables/></ns6:task><ns6:decision name="Is the sky blue?" key="" bypassable="false"><ns6:description></ns6:description><ns6:task name="Is the sky blue?" key="_5" bypassable="false"><ns6:description></ns6:description><ns6:assignee>cbarrette</ns6:assignee><ns6:variables/></ns6:task><ns6:option name="Yes"><ns6:activities sequential="true" name="Yesoption" key="Yesoption" bypassable="false"><ns6:description></ns6:description><ns6:task name="Task 2" key="_8" bypassable="false"><ns6:description></ns6:description><ns6:assignee>cbarrette</ns6:assignee><ns6:variables/></ns6:task></ns6:activities></ns6:option><ns6:option name="No"><ns6:activities sequential="true" name="Nooption" key="Nooption" bypassable="false"><ns6:description></ns6:description><ns6:task name="Task 4" key="_9" bypassable="false"><ns6:description></ns6:description><ns6:assignee>cbarrette</ns6:assignee><ns6:variables/></ns6:task></ns6:activities></ns6:option></ns6:decision></ns6:activities><ns6:bypassAssignee>admin</ns6:bypassAssignee></ns6:process>