<?xml version="1.0" encoding="UTF-8" standalone="yes"?><ns6:process xmlns="http://www.omg.org/spec/BPMN/20100524/MODEL" xmlns:ns2="http://www.omg.org/spec/DD/20100524/DI" xmlns:ns3="http://www.omg.org/spec/BPMN/20100524/DI" xmlns:ns4="http://www.omg.org/spec/DD/20100524/DC" xmlns:ns5="http://www.wiredwidgets.org/cow/server/schema/service" xmlns:ns6="http://www.wiredwidgets.org/cow/server/schema/model-v2" xmlns:ns7="http://www.wiredwidgets.org/rem2/schema" name="Iraq_Operations_Urban_Warfare(2001_after_AAR_2003)" key="Iraq_Operations_Urban_Warfare(2001_after_AAR_2003)" maxId="119"><ns6:activities sequential="true" name="base" key="base"><ns6:task name="Urban Warfare Protocols" key="_2" bypassable="false"><ns6:description>null</ns6:description><ns6:assignee>fitzpatrick</ns6:assignee><ns6:variables><ns6:variable name="Additional Info 1" value="purpose=secure specified urban area"/><ns6:variable name="Additional Info 2" value="last update=2003 AAR meeting"/></ns6:variables></ns6:task><ns6:activities sequential="true" name="Deployment_Factors_to_Consider" key="" bypassable="false"><ns6:description></ns6:description><ns6:task name="size of area" key="_3" bypassable="false"><ns6:description></ns6:description><ns6:assignee>fitzpatrick</ns6:assignee><ns6:variables/></ns6:task><ns6:activities sequential="true" name="characteristics of area" key="" bypassable="false"><ns6:description></ns6:description><ns6:activities sequential="true" name="Population" key="" bypassable="false"><ns6:description></ns6:description><ns6:activities sequential="true" name="Predominant language" key="" bypassable="false"><ns6:description>Determines whether interpreters will be needed.</ns6:description><ns6:activities sequential="true" name="Lesson Learned: Lack of Interpreters" key="" bypassable="false"><ns6:description></ns6:description><ns6:task name="Problem: Unavailability" key="_36" bypassable="false"><ns6:description>Interpreters were not available to the company team at any point during the operation.

Critical to the team's ability to interact with civilians, discern their problems, and broadcast friendly unit intentions.</ns6:description><ns6:assignee>fitzpatrick</ns6:assignee><ns6:variables/></ns6:task><ns6:activities sequential="true" name="What happened as a result?" key="" bypassable="false"><ns6:description></ns6:description><ns6:task name="No way of calming upset crowds and civilians" key="_38" bypassable="false"><ns6:description>Often times the unit had crowds and upset civilians to deal with and absolutely no way to verbally communicate with them.</ns6:description><ns6:assignee>fitzpatrick</ns6:assignee><ns6:variables/></ns6:task><ns6:task name="Unable to direct civilians to aid" key="_39" bypassable="false"><ns6:description>Weeks after occupying Baghdad in force, the unit is still unable to direct the civilian populace to humanitarian agencies other than the Red Crescent.

We have no way to direct people to places to receive food and water, to search for loved ones, to located deceased personnel.</ns6:description><ns6:assignee>fitzpatrick</ns6:assignee><ns6:variables/></ns6:task><ns6:task name="Unable to answer any questions" key="_40" bypassable="false"><ns6:description>The unit did not have the ability to answer any questions simply because of the unsynchronized and unplanned operations of the Civil Affairs community and other non-governmental organizations.</ns6:description><ns6:assignee>fitzpatrick</ns6:assignee><ns6:variables/></ns6:task></ns6:activities><ns6:activities sequential="true" name="Recommendations" key="" bypassable="false"><ns6:description></ns6:description><ns6:task name="Get more interpreters" key="_60" bypassable="false"><ns6:description></ns6:description><ns6:assignee>fitzpatrick</ns6:assignee><ns6:variables/></ns6:task><ns6:task name="Make interpreters more accessible" key="_61" bypassable="false"><ns6:description>If they can't be there in person, have them more available by radio or some other means.</ns6:description><ns6:assignee>fitzpatrick</ns6:assignee><ns6:variables/></ns6:task></ns6:activities></ns6:activities></ns6:activities><ns6:task name="Estimated size" key="_5" bypassable="false"><ns6:description></ns6:description><ns6:assignee>fitzpatrick</ns6:assignee><ns6:variables><ns6:variable name="Additional Info 1" value="levels=high, medium, low"/></ns6:variables></ns6:task><ns6:task name="Hostility level" key="_6" bypassable="false"><ns6:description>are people in area generally considered sympathetic to US cause?</ns6:description><ns6:assignee>fitzpatrick</ns6:assignee><ns6:variables><ns6:variable name="Additional Info 1" value="levels=high, medium, low"/></ns6:variables></ns6:task></ns6:activities><ns6:activities sequential="true" name="terrain" key="" bypassable="false"><ns6:description></ns6:description><ns6:task name="urban" key="_7" bypassable="false"><ns6:description>enemy faced by this unit hid his tanks and vehicles under camouflaged covers, beneath bridge overpasses, inside of buildings on narrow streets, and under low trees. These enemy systems were not seen until they were only meters away. No degree of IPB (Intelligence Preparation of the Batlefield) could compensate, alert, or prepare any US force for the massive numbers of RPGs (Rocket Propelled Grenades) stored in houses, shacks, lockers, and cars. The only way to counter RPGs fired from covered and concealed positions was to absorb the hit, identify the source of the fire, and respond with massive overwhelming firepower.</ns6:description><ns6:assignee>fitzpatrick</ns6:assignee><ns6:variables/></ns6:task><ns6:task name="bridges" key="_8" bypassable="false"><ns6:description></ns6:description><ns6:assignee>fitzpatrick</ns6:assignee><ns6:variables/></ns6:task><ns6:task name="narrow streets" key="_9" bypassable="false"><ns6:description></ns6:description><ns6:assignee>fitzpatrick</ns6:assignee><ns6:variables/></ns6:task></ns6:activities></ns6:activities><ns6:activities sequential="true" name="Availability" key="" bypassable="false"><ns6:description>can't deploy what you don't have</ns6:description><ns6:task name="current on hand" key="_10" bypassable="false"><ns6:description></ns6:description><ns6:assignee>fitzpatrick</ns6:assignee><ns6:variables/></ns6:task><ns6:task name="available within 2 hours notice" key="_11" bypassable="false"><ns6:description></ns6:description><ns6:assignee>fitzpatrick</ns6:assignee><ns6:variables/></ns6:task></ns6:activities><ns6:activities sequential="true" name="Distance from base" key="" bypassable="false"><ns6:description></ns6:description><ns6:task name="Fuel needs" key="_12" bypassable="false"><ns6:description></ns6:description><ns6:assignee>fitzpatrick</ns6:assignee><ns6:variables/></ns6:task></ns6:activities><ns6:activities sequential="true" name="Weather" key="" bypassable="false"><ns6:description></ns6:description><ns6:task name="Rain" key="_13" bypassable="false"><ns6:description></ns6:description><ns6:assignee>fitzpatrick</ns6:assignee><ns6:variables/></ns6:task><ns6:task name="Extreme heat" key="_14" bypassable="false"><ns6:description></ns6:description><ns6:assignee>fitzpatrick</ns6:assignee><ns6:variables/></ns6:task><ns6:task name="Wind" key="_15" bypassable="false"><ns6:description></ns6:description><ns6:assignee>fitzpatrick</ns6:assignee><ns6:variables/></ns6:task><ns6:task name="Sandstorm" key="_16" bypassable="false"><ns6:description></ns6:description><ns6:assignee>fitzpatrick</ns6:assignee><ns6:variables/></ns6:task></ns6:activities></ns6:activities><ns6:activities sequential="true" name="send in dismounted infantry" key="" bypassable="false"><ns6:description></ns6:description><ns6:activities sequential="true" name="Good practices" key="" bypassable="false"><ns6:description>Things that were done that should be repeated in future missions.</ns6:description><ns6:activities sequential="true" name="Urban Operations Training for armor forces" key="" bypassable="false"><ns6:description></ns6:description><ns6:task name="Received UO (Urban Operations) training prior to operations in Iraq" key="_85" bypassable="false"><ns6:description>armor platoon attached to this CO/TM was fortunate enough to receive UO (Urban Operations) training prior to operations in Iraq</ns6:description><ns6:assignee>fitzpatrick</ns6:assignee><ns6:variables/></ns6:task><ns6:activities sequential="true" name="Valuable skills learned in training" key="" bypassable="false"><ns6:description></ns6:description><ns6:task name="Firing from the GAS sight at extremely close ranges" key="_86" bypassable="false"><ns6:description></ns6:description><ns6:assignee>fitzpatrick</ns6:assignee><ns6:variables/></ns6:task><ns6:task name="Decentralizing the location of important supplies on vehicle" key="_87" bypassable="false"><ns6:description>Decentralizing the location of CL I (food), water, and CL III(P) (fuel) on the tank in order to protect from losing all supplies due to a single hit or building strike.</ns6:description><ns6:assignee>fitzpatrick</ns6:assignee><ns6:variables/></ns6:task><ns6:task name="keep their tanks out of intersections" key="_88" bypassable="false"><ns6:description></ns6:description><ns6:assignee>fitzpatrick</ns6:assignee><ns6:variables/></ns6:task><ns6:task name="scan the upper stories of buildings and rooftops for enemy forces" key="_89" bypassable="false"><ns6:description></ns6:description><ns6:assignee>fitzpatrick</ns6:assignee><ns6:variables/></ns6:task></ns6:activities><ns6:activities sequential="true" name="Recommendations" key="" bypassable="false"><ns6:description></ns6:description><ns6:task name="All armor platoons should be trained and integrated into urban operations training." key="_90" bypassable="false"><ns6:description>Although the tactics trained may not have been executed, the lessons learned regarding load plans, fire control system adjustments, fire patterns, and scanning responsibilities were instrumental to the platoon's success.  Every effort should be made to teach these lessons prior to combat.</ns6:description><ns6:assignee>fitzpatrick</ns6:assignee><ns6:variables/></ns6:task><ns6:activities sequential="true" name="More coordinated squad training" key="" bypassable="false"><ns6:description>Tank platoons should also train with a dismounted squad under the control of a tank platoon leader</ns6:description><ns6:task name="Evidence for recommendation" key="_91" bypassable="false"><ns6:description>At a battle position in Baghdad, 3/A/1-64 AR was attached a weapons squad from an infantry platoon.

These soldiers were critical to the platoon's defense. They were tied in between two tanks along a dismounted avenue of approach. It was composed of a heavy tree line and thick vegetation that closed to within 50 meters of the platoon's position. The squad repelled an RPG team's attempt to infiltrate the platoon BP and also cleared seven bunkers full of weapons and ammunition. These feats could not have been accomplished without the task organized infantry squad.</ns6:description><ns6:assignee>fitzpatrick</ns6:assignee><ns6:variables/></ns6:task></ns6:activities></ns6:activities></ns6:activities></ns6:activities><ns6:activities sequential="true" name="Problems encountered" key="" bypassable="false"><ns6:description></ns6:description><ns6:activities sequential="true" name="Well hidden enemies" key="" bypassable="false"><ns6:description></ns6:description><ns6:task name="Problem: Too many places for enemy to hide" key="_92" bypassable="false"><ns6:description>Enemy and their weapons had too many places to hide.</ns6:description><ns6:assignee>fitzpatrick</ns6:assignee><ns6:variables/></ns6:task><ns6:task name="What happened as a result?" key="_93" bypassable="false"><ns6:description>Dismounted infantrymen and light skinned vehicles often fell to RPGs and other enemy fire.</ns6:description><ns6:assignee>fitzpatrick</ns6:assignee><ns6:variables/></ns6:task><ns6:activities sequential="true" name="Recommendations" key="" bypassable="false"><ns6:description></ns6:description><ns6:activities sequential="true" name="Update doctrine" key="" bypassable="false"><ns6:description></ns6:description><ns6:task name="Send armored vehicles first" key="_94" bypassable="false"><ns6:description>Current doctrine says to send dismounted infantry before armored vehicles.  This was not the best COA in the Iraq Urban Operation.

Armored vehicles should be sent first to clear an area before dismounted infantry are sent in.</ns6:description><ns6:assignee>fitzpatrick</ns6:assignee><ns6:variables/></ns6:task><ns6:task name="Armored vehicles must be able to sustain RPG hits" key="_95" bypassable="false"><ns6:description></ns6:description><ns6:assignee>fitzpatrick</ns6:assignee><ns6:variables/></ns6:task><ns6:task name="Psychological effect of the armored vehicles" key="_96" bypassable="false"><ns6:description>Overwhelms the enemy mentally and physically.  Almost all remaining enemy forces will withdraw from the initial shock. This initial shock of overwhelming firepower facilitates the attacks of dismounted infantrymen into the built up area.</ns6:description><ns6:assignee>fitzpatrick</ns6:assignee><ns6:variables/></ns6:task></ns6:activities></ns6:activities></ns6:activities><ns6:activities sequential="true" name="Lack of training" key="" bypassable="false"><ns6:description></ns6:description><ns6:activities sequential="true" name="SASO (Stability and Support Operations)" key="" bypassable="false"><ns6:description></ns6:description><ns6:task name="Problem: Lack of Training" key="_49" bypassable="false"><ns6:description>With the exception of a class given to the platoon leaders, there were no formal classes or training conducted by CA prior to the operation. No training on checkpoint operations or dealing with civilians was received.</ns6:description><ns6:assignee>fitzpatrick</ns6:assignee><ns6:variables/></ns6:task><ns6:activities sequential="true" name="What happened as a result?" key="" bypassable="false"><ns6:description></ns6:description><ns6:task name="Soldiers and leaders unprepared to handle non-combative civil affairs" key="_62" bypassable="false"><ns6:description>Soldiers were expected to search vehicles, interact with civilians with no CA (Civil Affairs) or PSYOPS (Psychological Warfare) support, detain EPW's (Enemy Prisoners of War), and confiscate weapons.</ns6:description><ns6:assignee>fitzpatrick</ns6:assignee><ns6:variables/></ns6:task><ns6:task name="Friction from frequent switching between duties" key="_64" bypassable="false"><ns6:description>Friction from frequent switching between combat and civilian affairs</ns6:description><ns6:assignee>fitzpatrick</ns6:assignee><ns6:variables/></ns6:task></ns6:activities><ns6:activities sequential="true" name="Recommendations" key="" bypassable="false"><ns6:description></ns6:description><ns6:task name="SASO training for all" key="_65" bypassable="false"><ns6:description>Integrate SASO training into the unit METL (MISSION-ESSENTIAL TASK LIST).

Units are conducting both combat and stability operations at the same time. No longer can compartmentalize ourselves as either "war fighter: or "peacekeeper". With the ever-present threat of terrorist attack, it is critical that soldiers know the correct tactics, techniques, and procedures for providing security while also enforcing peace.</ns6:description><ns6:assignee>fitzpatrick</ns6:assignee><ns6:variables/></ns6:task><ns6:task name="Improved information flow" key="_66" bypassable="false"><ns6:description>Units occupying positions in built up areas make frequent contact with civilians. Information and a centralized theme must be passed to the company team level as quickly as possible to ensure the proper message is being sent to the populace, and in turn, input from the populace is reaching the highest levels.</ns6:description><ns6:assignee>fitzpatrick</ns6:assignee><ns6:variables/></ns6:task><ns6:task name="Quicker establishment of Civil Military Operations Centers" key="_67" bypassable="false"><ns6:description></ns6:description><ns6:assignee>fitzpatrick</ns6:assignee><ns6:variables/></ns6:task><ns6:task name="Leaders must be more sensitive" key="_68" bypassable="false"><ns6:description>Leaders must be sensitive to the flux between war fighting and peacekeeping and the demands of each not only on the unit but the individual.</ns6:description><ns6:assignee>fitzpatrick</ns6:assignee><ns6:variables/></ns6:task></ns6:activities></ns6:activities></ns6:activities></ns6:activities><ns6:decision name="Service Branch" key="" bypassable="false"><ns6:description></ns6:description><ns6:task name="Which to deploy from?" key="_17" bypassable="false"><ns6:description></ns6:description><ns6:assignee>fitzpatrick</ns6:assignee><ns6:variables/></ns6:task><ns6:option name="Army"><ns6:activities sequential="true" name="Armyoption" key="Armyoption" bypassable="false"><ns6:description></ns6:description><ns6:decision name="Special Force Options" key="" bypassable="false"><ns6:description></ns6:description><ns6:task name="Which special force to send?" key="_20" bypassable="false"><ns6:description></ns6:description><ns6:assignee>fitzpatrick</ns6:assignee><ns6:variables/></ns6:task><ns6:option name="Green Berets"><ns6:activities sequential="true" name="Green Beretsoption" key="Green Beretsoption" bypassable="false"><ns6:description></ns6:description><ns6:task name="Green Berets" key="_23" bypassable="false"><ns6:description></ns6:description><ns6:assignee>fitzpatrick</ns6:assignee><ns6:variables/></ns6:task></ns6:activities></ns6:option><ns6:option name="Rangers"><ns6:activities sequential="true" name="Rangersoption" key="Rangersoption" bypassable="false"><ns6:description></ns6:description><ns6:task name="Rangers" key="_24" bypassable="false"><ns6:description></ns6:description><ns6:assignee>fitzpatrick</ns6:assignee><ns6:variables/></ns6:task></ns6:activities></ns6:option><ns6:option name="Delta"><ns6:activities sequential="true" name="Deltaoption" key="Deltaoption" bypassable="false"><ns6:description></ns6:description><ns6:task name="Delta" key="_25" bypassable="false"><ns6:description></ns6:description><ns6:assignee>fitzpatrick</ns6:assignee><ns6:variables/></ns6:task></ns6:activities></ns6:option></ns6:decision></ns6:activities></ns6:option><ns6:option name="Marines"><ns6:activities sequential="true" name="Marinesoption" key="Marinesoption" bypassable="false"><ns6:description></ns6:description><ns6:task name="Marines" key="_26" bypassable="false"><ns6:description></ns6:description><ns6:assignee>fitzpatrick</ns6:assignee><ns6:variables/></ns6:task></ns6:activities></ns6:option><ns6:option name="Navy"><ns6:activities sequential="true" name="Navyoption" key="Navyoption" bypassable="false"><ns6:description></ns6:description><ns6:task name="Seals" key="_27" bypassable="false"><ns6:description></ns6:description><ns6:assignee>fitzpatrick</ns6:assignee><ns6:variables/></ns6:task></ns6:activities></ns6:option></ns6:decision></ns6:activities><ns6:activities sequential="true" name="send in armored vehicles" key="" bypassable="false"><ns6:description></ns6:description><ns6:decision name="Vehicle Type" key="" bypassable="false"><ns6:description></ns6:description><ns6:task name="Which type of vehicle are we sending in?" key="_28" bypassable="false"><ns6:description></ns6:description><ns6:assignee>fitzpatrick</ns6:assignee><ns6:variables/></ns6:task><ns6:option name="Bradleys"><ns6:activities sequential="true" name="Bradleysoption" key="Bradleysoption" bypassable="false"><ns6:description></ns6:description><ns6:task name="Basic Formula" key="_31" bypassable="false"><ns6:description>1 Bradley per 10,000 square feet</ns6:description><ns6:assignee>fitzpatrick</ns6:assignee><ns6:variables><ns6:variable name="Additional Info 1" value="assumption=urban"/><ns6:variable name="Additional Info 2" value="assumption=undamaged vehicle"/></ns6:variables></ns6:task></ns6:activities></ns6:option><ns6:option name="M1A1 Abrams"><ns6:activities sequential="true" name="M1A1 Abramsoption" key="M1A1 Abramsoption" bypassable="false"><ns6:description></ns6:description><ns6:task name="Basic formula" key="_32" bypassable="false"><ns6:description>1 Abrams per 20,000 sqft</ns6:description><ns6:assignee>fitzpatrick</ns6:assignee><ns6:variables/></ns6:task></ns6:activities></ns6:option><ns6:option name="High Mobility Multipurpose Wheeled Vehicle (HMMWV)"><ns6:activities sequential="true" name="High Mobility Multipurpose Wheeled Vehicle (HMMWV)option" key="High Mobility Multipurpose Wheeled Vehicle (HMMWV)option" bypassable="false"><ns6:description></ns6:description><ns6:task name="Basic Formula" key="_33" bypassable="false"><ns6:description>1 HMMWV per 30,000 square feet</ns6:description><ns6:assignee>fitzpatrick</ns6:assignee><ns6:variables><ns6:variable name="Additional Info 1" value="assumption=urban"/><ns6:variable name="Additional Info 2" value="assumption=undamaged vehicle"/></ns6:variables></ns6:task></ns6:activities></ns6:option></ns6:decision></ns6:activities></ns6:activities><ns6:bypassAssignee>admin</ns6:bypassAssignee></ns6:process>