<?xml version="1.0" encoding="UTF-8" standalone="yes"?><ns6:process xmlns="http://www.omg.org/spec/BPMN/20100524/MODEL" xmlns:ns2="http://www.omg.org/spec/DD/20100524/DI" xmlns:ns3="http://www.omg.org/spec/BPMN/20100524/DI" xmlns:ns4="http://www.omg.org/spec/DD/20100524/DC" xmlns:ns5="http://www.wiredwidgets.org/cow/server/schema/service" xmlns:ns6="http://www.wiredwidgets.org/cow/server/schema/model-v2" xmlns:ns7="http://www.wiredwidgets.org/rem2/schema" name="Iraq_Operations_Urban_Warfare(2003)" key="Iraq_Operations_Urban_Warfare(2003)" maxId="54"><ns6:activities sequential="true" name="base" key="base"><ns6:task name="Urban Warfare Protocols" key="_2" bypassable="false"><ns6:description>Revised plan after AAR 2003</ns6:description><ns6:assignee>fitzpatrick</ns6:assignee><ns6:variables><ns6:variable name="Additional Info 1" value="purpose=secure specified urban area"/></ns6:variables></ns6:task><ns6:activities sequential="true" name="Deployment_Factors_to_Consider" key="" bypassable="false"><ns6:description></ns6:description><ns6:task name="size of area" key="_3" bypassable="false"><ns6:description></ns6:description><ns6:assignee>fitzpatrick</ns6:assignee><ns6:variables/></ns6:task><ns6:activities sequential="true" name="characteristics of area" key="" bypassable="false"><ns6:description></ns6:description><ns6:activities sequential="true" name="Population" key="" bypassable="false"><ns6:description></ns6:description><ns6:task name="Predominant language" key="_4" bypassable="false"><ns6:description>determines whether interpreters will be needed</ns6:description><ns6:assignee>fitzpatrick</ns6:assignee><ns6:variables/></ns6:task><ns6:task name="Estimated size" key="_5" bypassable="false"><ns6:description></ns6:description><ns6:assignee>fitzpatrick</ns6:assignee><ns6:variables><ns6:variable name="Additional Info 1" value="levels=high, medium, low"/></ns6:variables></ns6:task><ns6:task name="hostility level" key="_6" bypassable="false"><ns6:description>are people in area generally considered sympathetic to US cause?</ns6:description><ns6:assignee>fitzpatrick</ns6:assignee><ns6:variables><ns6:variable name="Additional Info 1" value="levels=high, medium, low"/></ns6:variables></ns6:task></ns6:activities><ns6:activities sequential="true" name="terrain" key="" bypassable="false"><ns6:description></ns6:description><ns6:task name="urban" key="_7" bypassable="false"><ns6:description></ns6:description><ns6:assignee>fitzpatrick</ns6:assignee><ns6:variables/></ns6:task><ns6:task name="bridges" key="_8" bypassable="false"><ns6:description></ns6:description><ns6:assignee>fitzpatrick</ns6:assignee><ns6:variables/></ns6:task><ns6:task name="narrow streets" key="_9" bypassable="false"><ns6:description></ns6:description><ns6:assignee>fitzpatrick</ns6:assignee><ns6:variables/></ns6:task></ns6:activities></ns6:activities><ns6:activities sequential="true" name="Availability" key="" bypassable="false"><ns6:description>can't deploy what you don't have</ns6:description><ns6:task name="current on hand" key="_10" bypassable="false"><ns6:description></ns6:description><ns6:assignee>fitzpatrick</ns6:assignee><ns6:variables/></ns6:task><ns6:task name="available within 2 hours notice" key="_11" bypassable="false"><ns6:description></ns6:description><ns6:assignee>fitzpatrick</ns6:assignee><ns6:variables/></ns6:task></ns6:activities><ns6:activities sequential="true" name="Distance from base" key="" bypassable="false"><ns6:description></ns6:description><ns6:task name="Fuel needs" key="_12" bypassable="false"><ns6:description></ns6:description><ns6:assignee>fitzpatrick</ns6:assignee><ns6:variables/></ns6:task></ns6:activities><ns6:activities sequential="true" name="Weather" key="" bypassable="false"><ns6:description></ns6:description><ns6:task name="Rain" key="_13" bypassable="false"><ns6:description></ns6:description><ns6:assignee>fitzpatrick</ns6:assignee><ns6:variables/></ns6:task><ns6:task name="Extreme heat" key="_14" bypassable="false"><ns6:description></ns6:description><ns6:assignee>fitzpatrick</ns6:assignee><ns6:variables/></ns6:task><ns6:task name="Wind" key="_15" bypassable="false"><ns6:description></ns6:description><ns6:assignee>fitzpatrick</ns6:assignee><ns6:variables/></ns6:task><ns6:task name="Sandstorm" key="_16" bypassable="false"><ns6:description></ns6:description><ns6:assignee>fitzpatrick</ns6:assignee><ns6:variables/></ns6:task></ns6:activities></ns6:activities><ns6:activities sequential="true" name="send in armored vehicles" key="" bypassable="false"><ns6:description></ns6:description><ns6:task name="Ensure all vehicles can sustain RPG attacks" key="_36" bypassable="false"><ns6:description></ns6:description><ns6:assignee>fitzpatrick</ns6:assignee><ns6:variables/></ns6:task><ns6:task name="Urban Operations Training for all armored forces" key="_46" bypassable="false"><ns6:description></ns6:description><ns6:assignee>fitzpatrick</ns6:assignee><ns6:variables/></ns6:task><ns6:task name="Coordinated squad training" key="_47" bypassable="false"><ns6:description>So teams can work well together. 

</ns6:description><ns6:assignee>fitzpatrick</ns6:assignee><ns6:variables><ns6:variable name="Additional Info 1" value="Example=Armored units and dismounted infantry "/></ns6:variables></ns6:task><ns6:decision name="Vehicle Type" key="" bypassable="false"><ns6:description></ns6:description><ns6:task name="Which type of vehicle are we sending in?" key="_17" bypassable="false"><ns6:description></ns6:description><ns6:assignee>fitzpatrick</ns6:assignee><ns6:variables/></ns6:task><ns6:option name="Bradleys"><ns6:activities sequential="true" name="Bradleysoption" key="Bradleysoption" bypassable="false"><ns6:description></ns6:description><ns6:task name="Basic Formula" key="_20" bypassable="false"><ns6:description>1 Bradley per 10,000 square feet</ns6:description><ns6:assignee>fitzpatrick</ns6:assignee><ns6:variables><ns6:variable name="Additional Info 1" value="assumption=urban"/><ns6:variable name="Additional Info 2" value="assumption=undamaged vehicle"/></ns6:variables></ns6:task></ns6:activities></ns6:option><ns6:option name="M1A1 Abrams"><ns6:activities sequential="true" name="M1A1 Abramsoption" key="M1A1 Abramsoption" bypassable="false"><ns6:description></ns6:description><ns6:task name="Basic formula" key="_21" bypassable="false"><ns6:description>1 Abrams per 20,000 sqft</ns6:description><ns6:assignee>fitzpatrick</ns6:assignee><ns6:variables/></ns6:task></ns6:activities></ns6:option><ns6:option name="High Mobility Multipurpose Wheeled Vehicle (HMMWV)"><ns6:activities sequential="true" name="High Mobility Multipurpose Wheeled Vehicle (HMMWV)option" key="High Mobility Multipurpose Wheeled Vehicle (HMMWV)option" bypassable="false"><ns6:description></ns6:description><ns6:task name="Basic Formula" key="_22" bypassable="false"><ns6:description>1 HMMWV per 30,000 square feet</ns6:description><ns6:assignee>fitzpatrick</ns6:assignee><ns6:variables><ns6:variable name="Additional Info 1" value="assumption=urban"/><ns6:variable name="Additional Info 2" value="assumption=undamaged vehicle"/></ns6:variables></ns6:task></ns6:activities></ns6:option></ns6:decision></ns6:activities><ns6:activities sequential="true" name="send in dismounted infantry" key="" bypassable="false"><ns6:description></ns6:description><ns6:task name="SASO training received" key="_39" bypassable="false"><ns6:description></ns6:description><ns6:assignee>fitzpatrick</ns6:assignee><ns6:variables/></ns6:task><ns6:decision name="Service Branch" key="" bypassable="false"><ns6:description></ns6:description><ns6:task name="Which to deploy from?" key="_23" bypassable="false"><ns6:description></ns6:description><ns6:assignee>fitzpatrick</ns6:assignee><ns6:variables/></ns6:task><ns6:option name="Army"><ns6:activities sequential="true" name="Armyoption" key="Armyoption" bypassable="false"><ns6:description></ns6:description><ns6:decision name="Special Force Options" key="" bypassable="false"><ns6:description></ns6:description><ns6:task name="Which special force to send?" key="_26" bypassable="false"><ns6:description></ns6:description><ns6:assignee>fitzpatrick</ns6:assignee><ns6:variables/></ns6:task><ns6:option name="Green Berets"><ns6:activities sequential="true" name="Green Beretsoption" key="Green Beretsoption" bypassable="false"><ns6:description></ns6:description><ns6:task name="Green Berets" key="_29" bypassable="false"><ns6:description></ns6:description><ns6:assignee>fitzpatrick</ns6:assignee><ns6:variables/></ns6:task></ns6:activities></ns6:option><ns6:option name="Rangers"><ns6:activities sequential="true" name="Rangersoption" key="Rangersoption" bypassable="false"><ns6:description></ns6:description><ns6:task name="Rangers" key="_30" bypassable="false"><ns6:description></ns6:description><ns6:assignee>fitzpatrick</ns6:assignee><ns6:variables/></ns6:task></ns6:activities></ns6:option><ns6:option name="Delta"><ns6:activities sequential="true" name="Deltaoption" key="Deltaoption" bypassable="false"><ns6:description></ns6:description><ns6:task name="Delta" key="_31" bypassable="false"><ns6:description></ns6:description><ns6:assignee>fitzpatrick</ns6:assignee><ns6:variables/></ns6:task></ns6:activities></ns6:option></ns6:decision></ns6:activities></ns6:option><ns6:option name="Marines"><ns6:activities sequential="true" name="Marinesoption" key="Marinesoption" bypassable="false"><ns6:description></ns6:description><ns6:task name="Marines" key="_32" bypassable="false"><ns6:description></ns6:description><ns6:assignee>fitzpatrick</ns6:assignee><ns6:variables/></ns6:task></ns6:activities></ns6:option><ns6:option name="Navy"><ns6:activities sequential="true" name="Navyoption" key="Navyoption" bypassable="false"><ns6:description></ns6:description><ns6:task name="Seals" key="_33" bypassable="false"><ns6:description></ns6:description><ns6:assignee>fitzpatrick</ns6:assignee><ns6:variables/></ns6:task></ns6:activities></ns6:option></ns6:decision></ns6:activities></ns6:activities><ns6:bypassAssignee>admin</ns6:bypassAssignee></ns6:process>