<?xml version="1.0" encoding="UTF-8" standalone="yes"?><ns6:process xmlns="http://www.omg.org/spec/BPMN/20100524/MODEL" xmlns:ns2="http://www.omg.org/spec/DD/20100524/DI" xmlns:ns3="http://www.omg.org/spec/BPMN/20100524/DI" xmlns:ns4="http://www.omg.org/spec/DD/20100524/DC" xmlns:ns5="http://www.wiredwidgets.org/cow/server/schema/service" xmlns:ns6="http://www.wiredwidgets.org/cow/server/schema/model-v2" xmlns:ns7="http://www.wiredwidgets.org/rem2/schema" name="jkscript" key="jkscript" maxId="0"><ns6:activities sequential="true" key="_A3B4AF55-1140-4A04-A4F6-DEDC53B77B3B"><ns6:task name="task one" key="_58C66748-F306-4F8C-B000-2DC41DF4720C"><ns6:description>this is a description of task 1</ns6:description><ns6:assignee>jkranes</ns6:assignee><ns6:variables><ns6:variable name="key3" value="helloworld" output="true"/></ns6:variables></ns6:task><ns6:script name="script" key="_72CA60CF-A6B9-40C2-BCFC-25332E3C9E4E"><ns6:content>
          		key3 = variables.get("key3");
          		System.out.println("key3: " + key3);
                    variables.put("key1","value1");
                    variables.put("key2","value2");
               </ns6:content></ns6:script><ns6:script name="script2" key="_A22D0A9A-99DE-41E2-9BBE-239843CD3AC6"><ns6:content>
          		System.out.println("key1: " + variables.get("key1"));
               	System.out.println("key2:" + variables.get("key2"));
          	</ns6:content></ns6:script></ns6:activities></ns6:process>