<?xml version="1.0" encoding="UTF-8" standalone="yes"?><ns6:process xmlns="http://www.omg.org/spec/BPMN/20100524/MODEL" xmlns:ns2="http://www.omg.org/spec/DD/20100524/DI" xmlns:ns3="http://www.omg.org/spec/BPMN/20100524/DI" xmlns:ns4="http://www.omg.org/spec/DD/20100524/DC" xmlns:ns5="http://www.wiredwidgets.org/cow/server/schema/service" xmlns:ns6="http://www.wiredwidgets.org/cow/server/schema/model-v2" xmlns:ns7="http://www.wiredwidgets.org/rem2/schema" name="launchtest" key="launchtest" maxId="0"><ns6:activities sequential="true" name="base" key="_14B953B9-3976-43D6-B1BD-91BC07F30F91"><ns6:task name="LaunchMission" key="_19E967C5-7216-4672-BDAF-F73111B8BD9E" bypassable="false"><ns6:description></ns6:description><ns6:assignee>bgoodrich</ns6:assignee><ns6:variables><ns6:variable name="mission" value="144d12d2-011b-4d03-a80c-e26c595b9f7b "/></ns6:variables></ns6:task></ns6:activities><ns6:bypassAssignee>admin</ns6:bypassAssignee></ns6:process>