<?xml version="1.0" encoding="UTF-8" standalone="yes"?><ns6:process xmlns="http://www.omg.org/spec/BPMN/20100524/MODEL" xmlns:ns2="http://www.omg.org/spec/DD/20100524/DI" xmlns:ns3="http://www.omg.org/spec/BPMN/20100524/DI" xmlns:ns4="http://www.omg.org/spec/DD/20100524/DC" xmlns:ns5="http://www.wiredwidgets.org/cow/server/schema/service" xmlns:ns6="http://www.wiredwidgets.org/cow/server/schema/model-v2" xmlns:ns7="http://www.wiredwidgets.org/rem2/schema" name="Lisa_A2C2-PR-Z" key="Lisa_A2C2-PR-Z" maxId="0"><ns6:activities sequential="true" name="base" key="_08925416-7813-4C87-B827-72CF928D408E"><ns6:activities sequential="true" name="A2C2-PR-Z" key="_6AB9695E-C30A-411B-9C95-7D80A018C641" bypassable="false"><ns6:description></ns6:description><ns6:activities sequential="true" name="Report" key="_D9417B23-953C-41EA-8FDF-06BE83633EB4" bypassable="false"><ns6:description></ns6:description><ns6:task name="Notification of Isolated Personnel" key="_DCA4B503-1D42-4C18-AD68-94937FF19B8D" bypassable="false"><ns6:description></ns6:description><ns6:candidateGroups>SIDO</ns6:candidateGroups><ns6:variables><ns6:variable name="Additional Info 1" value="Monitoring"/><ns6:variable name="Additional Info 2" value="PRMS Simulator"/><ns6:variable name="activityType" value="Monitoring"/><ns6:variable name="dataSource" value="PRMS Simulator"/></ns6:variables></ns6:task></ns6:activities><ns6:activities sequential="true" name="Locate" key="_4F8FBBE1-C643-4D0F-90F7-BC65A42717E8" bypassable="false"><ns6:description></ns6:description><ns6:task name="Use UAVs to locate isolated personnel" key="_69FC2BED-4E1B-49DB-9090-2DF31D51CAF2" bypassable="false"><ns6:description></ns6:description><ns6:candidateGroups>SIDO</ns6:candidateGroups><ns6:variables><ns6:variable name="Additional Info 1" value="Monitoring"/><ns6:variable name="Additional Info 2" value="UAS"/><ns6:variable name="activityType" value="Monitoring"/><ns6:variable name="dataSource" value="UAS"/></ns6:variables></ns6:task><ns6:task name="Locate Isolated Personnel" key="_8EE8CF25-2C90-405E-ABF7-679EBDD2344F" bypassable="false"><ns6:description></ns6:description><ns6:candidateGroups>SIDO</ns6:candidateGroups><ns6:variables><ns6:variable name="Additional Info 1" value="Monitoring"/><ns6:variable name="Additional Info 2" value="AMCITS"/><ns6:variable name="activityType" value="Monitoring"/><ns6:variable name="dataSource" value="AMCITS"/></ns6:variables></ns6:task><ns6:task name="Confirm and Authenticate Personnel" key="_D29333CC-A3C4-405F-9006-3A07E8A45DFF" bypassable="false"><ns6:description></ns6:description><ns6:candidateGroups>SIDO</ns6:candidateGroups><ns6:variables><ns6:variable name="Additional Info 1" value="Monitoring"/><ns6:variable name="Additional Info 2" value="PRMS Simulator"/><ns6:variable name="activityType" value="Monitoring"/><ns6:variable name="dataSource" value="PRMS Simulator"/></ns6:variables></ns6:task></ns6:activities><ns6:activities sequential="true" name="Support" key="_7AFE7CF6-E16C-44E3-89C7-7707DE959956" bypassable="false"><ns6:description></ns6:description><ns6:task name="Get Area Population" key="_EABE0D0D-3C0E-4445-8E9A-FED334E004F5" bypassable="false"><ns6:description></ns6:description><ns6:candidateGroups>SIDO</ns6:candidateGroups><ns6:variables><ns6:variable name="Additional Info 1" value="Monitoring"/><ns6:variable name="Additional Info 2" value="Oregon Population"/><ns6:variable name="activtyType" value="Monitoring"/><ns6:variable name="dataSource" value="Oregon Population"/><ns6:variable name="activityType" value="Monitoring"/></ns6:variables></ns6:task><ns6:task name="Generate Possible COAs" key="_A55DF8CF-320F-432A-BACF-070F917EAB0A" bypassable="false"><ns6:description></ns6:description><ns6:candidateGroups>SIDO</ns6:candidateGroups><ns6:variables/></ns6:task><ns6:task name="Select Course of Action" key="_849F5C6A-B7E2-4394-AB65-5914214ACE96" bypassable="false"><ns6:description></ns6:description><ns6:candidateGroups>SIDO</ns6:candidateGroups><ns6:variables><ns6:variable name="Additional Info 1" value="Deciding"/><ns6:variable name="Additional Info 2" value="Decision Spaces Local"/><ns6:variable name="activityType" value="Deciding"/><ns6:variable name="dataSource" value="Decision Spaces Local"/></ns6:variables></ns6:task></ns6:activities><ns6:activities sequential="true" name="Recover" key="_AF383274-FEF2-4EDE-92DD-401F09F5ACF2" bypassable="false"><ns6:description></ns6:description><ns6:activities sequential="true" name="Set up communications with rescue team" key="_441621A3-F7D7-4A56-AF9F-B2D1DD89974D" bypassable="false"><ns6:description></ns6:description><ns6:decision name="Cell phones available?" key="_76DCF885-D427-457E-8C88-7B65DBAEA252" bypassable="false"><ns6:description></ns6:description><ns6:task name="Cell phones available?" key="" bypassable="false"><ns6:description></ns6:description><ns6:assignee>lisa</ns6:assignee><ns6:variables/></ns6:task><ns6:option name="Yes"><ns6:activities sequential="true" name="Yesoption" key="_B0F7D1CD-BEFB-4623-AC4E-CC79DCF58BAB" bypassable="false"><ns6:description></ns6:description><ns6:task name="Record cell numbers of rescue team" key="_47CE081A-3DE1-47A9-8D82-0272BC68DB12" bypassable="false"><ns6:description></ns6:description><ns6:assignee>lisa</ns6:assignee><ns6:variables/></ns6:task></ns6:activities></ns6:option><ns6:option name="No"><ns6:activities sequential="true" name="Nooption" key="_BCC5FB83-1DEB-4062-86E6-22E93C6BF428" bypassable="false"><ns6:description></ns6:description><ns6:task name="Walkie Talkies" key="_55074029-F228-482F-A693-A5C01806C9FB" bypassable="false"><ns6:description>These are usually available.  Limited distance though.</ns6:description><ns6:assignee>lisa</ns6:assignee><ns6:variables/></ns6:task></ns6:activities></ns6:option></ns6:decision></ns6:activities><ns6:task name="Execute Recovery" key="_4612DB41-FFBF-46C4-8A39-716572FB34EF" bypassable="false"><ns6:description></ns6:description><ns6:candidateGroups>SIDO</ns6:candidateGroups><ns6:variables><ns6:variable name="Additional Info 1" value="Monitoring"/><ns6:variable name="Additional Info 2" value="Rescuer"/><ns6:variable name="activityType" value="Monitoring"/><ns6:variable name="dataSource" value="Rescuer"/></ns6:variables></ns6:task><ns6:task name="Monitor" key="_6A6E2063-1623-4AC5-9CEA-CAE01FE8CFB8" bypassable="false"><ns6:description></ns6:description><ns6:candidateGroups>SIDO</ns6:candidateGroups><ns6:variables><ns6:variable name="Additional Info 1" value="Monitoring"/><ns6:variable name="Additional Info 2" value="Dash KML Merge"/><ns6:variable name="activityType" value="Monitoring"/><ns6:variable name="dataSource" value="Dash KML Merge"/></ns6:variables></ns6:task></ns6:activities></ns6:activities></ns6:activities><ns6:bypassAssignee>admin</ns6:bypassAssignee></ns6:process>