<?xml version="1.0" encoding="UTF-8" standalone="yes"?><ns6:process xmlns="http://www.omg.org/spec/BPMN/20100524/MODEL" xmlns:ns2="http://www.omg.org/spec/DD/20100524/DI" xmlns:ns3="http://www.omg.org/spec/BPMN/20100524/DI" xmlns:ns4="http://www.omg.org/spec/DD/20100524/DC" xmlns:ns5="http://www.wiredwidgets.org/cow/server/schema/service" xmlns:ns6="http://www.wiredwidgets.org/cow/server/schema/model-v2" xmlns:ns7="http://www.wiredwidgets.org/rem2/schema" name="Morse_Code" key="Morse_Code" maxId="12"><ns6:activities sequential="true" name="base" key="base"><ns6:task name="Morse Code Communication" key="_2" bypassable="false"><ns6:description>Morse code is a method of transmitting text information as a series of on-off tones, lights, or clicks that can be directly understood by a skilled listener or observer without special equipment.</ns6:description><ns6:assignee>fitzpatrick</ns6:assignee><ns6:variables/></ns6:task><ns6:activities sequential="true" name="Check for equipment to transmit signals" key="" bypassable="false"><ns6:description></ns6:description><ns6:task name="Flashlight?" key="_3" bypassable="false"><ns6:description></ns6:description><ns6:assignee>fitzpatrick</ns6:assignee><ns6:variables/></ns6:task><ns6:task name="Horn of some sort" key="_4" bypassable="false"><ns6:description>car horn, bike horn, musical instrument</ns6:description><ns6:assignee>fitzpatrick</ns6:assignee><ns6:variables/></ns6:task></ns6:activities><ns6:loop doneName="yes" repeatName="no" name="Start signalling" key="" bypassable="false"><ns6:description></ns6:description><ns6:activities sequential="true" name="Start signallinglooped" key="Start signallinglooped" bypassable="false"><ns6:description></ns6:description><ns6:task name="Flash light or make noise signals" key="_8" bypassable="false"><ns6:description></ns6:description><ns6:assignee>fitzpatrick</ns6:assignee><ns6:variables/></ns6:task><ns6:task name="Listen and watch for reply signals" key="_9" bypassable="false"><ns6:description></ns6:description><ns6:assignee>fitzpatrick</ns6:assignee><ns6:variables/></ns6:task></ns6:activities><ns6:loopTask name="Reply signal is seen or heard" key="_10" bypassable="false"><ns6:description></ns6:description><ns6:assignee>fitzpatrick</ns6:assignee><ns6:variables/></ns6:loopTask></ns6:loop></ns6:activities><ns6:bypassAssignee>admin</ns6:bypassAssignee></ns6:process>