<?xml version="1.0" encoding="UTF-8" standalone="yes"?><ns6:process xmlns="http://www.omg.org/spec/BPMN/20100524/MODEL" xmlns:ns2="http://www.omg.org/spec/DD/20100524/DI" xmlns:ns3="http://www.omg.org/spec/BPMN/20100524/DI" xmlns:ns4="http://www.omg.org/spec/DD/20100524/DC" xmlns:ns5="http://www.wiredwidgets.org/cow/server/schema/service" xmlns:ns6="http://www.wiredwidgets.org/cow/server/schema/model-v2" xmlns:ns7="http://www.wiredwidgets.org/rem2/schema" name="outcometest" key="outcometest" maxId="0"><ns6:activities sequential="true" name="base" key="_4D5382EC-280B-48BD-A448-A296263A2522"><ns6:task name="Task 1" key="_37533FBA-F395-46AB-A020-02E15D582B3D" bypassable="false"><ns6:description></ns6:description><ns6:assignee>bgoodrich</ns6:assignee><ns6:variables/></ns6:task><ns6:decision name="Decision 2" key="_6FA89074-D5ED-426E-9D72-FDC94B6FA96E" bypassable="false"><ns6:description></ns6:description><ns6:task name="yes/no" key="" bypassable="false"><ns6:description></ns6:description><ns6:assignee>bgoodrich</ns6:assignee><ns6:variables/></ns6:task><ns6:option name="no"><ns6:activities sequential="true" name="nooption" key="_4B541EAF-8FC4-484D-8515-C57C94A1442A" bypassable="false"><ns6:description></ns6:description><ns6:task name="Task 3" key="_7813F677-789B-4B22-BF55-95B0194717AA" bypassable="false"><ns6:description></ns6:description><ns6:assignee>bgoodrich</ns6:assignee><ns6:variables/></ns6:task></ns6:activities></ns6:option><ns6:option name="yes"><ns6:activities sequential="true" name="yesoption" key="_B92100A4-7A7A-4044-AA5F-FCCA6EA1635D" bypassable="false"><ns6:description></ns6:description><ns6:task name="Task 5" key="_FC095F90-6998-4919-A569-AFD0B4622A8E" bypassable="false"><ns6:description></ns6:description><ns6:assignee>bgoodrich</ns6:assignee><ns6:variables/></ns6:task></ns6:activities></ns6:option></ns6:decision></ns6:activities><ns6:bypassAssignee>admin</ns6:bypassAssignee></ns6:process>