<?xml version="1.0" encoding="UTF-8" standalone="yes"?><ns6:process xmlns="http://www.omg.org/spec/BPMN/20100524/MODEL" xmlns:ns2="http://www.omg.org/spec/DD/20100524/DI" xmlns:ns3="http://www.omg.org/spec/BPMN/20100524/DI" xmlns:ns4="http://www.omg.org/spec/DD/20100524/DC" xmlns:ns5="http://www.wiredwidgets.org/cow/server/schema/service" xmlns:ns6="http://www.wiredwidgets.org/cow/server/schema/model-v2" xmlns:ns7="http://www.wiredwidgets.org/rem2/schema" name="outcometest2" key="outcometest2" maxId="0"><ns6:activities sequential="true" name="base" key="_B0B0C2FC-CE54-4BDC-A7FE-302175F90C86"><ns6:decision name="Decision 1" key="_5F8B2FCC-E5B9-431A-9312-3BE865F85DA2" bypassable="false"><ns6:description></ns6:description><ns6:task name="1/2" key="" bypassable="false"><ns6:description></ns6:description><ns6:assignee>bgoodrich</ns6:assignee><ns6:variables/></ns6:task><ns6:option name="1"><ns6:activities sequential="true" name="1option" key="_8E84D406-43B3-40C9-98E7-BD07D5D4818E" bypassable="false"><ns6:description></ns6:description><ns6:task name="you picked 1" key="_E0701597-F426-45BE-A3C7-8ACFD72DFBBE" bypassable="false"><ns6:description></ns6:description><ns6:assignee>bgoodrich</ns6:assignee><ns6:variables/></ns6:task></ns6:activities></ns6:option><ns6:option name="2"><ns6:activities sequential="true" name="2option" key="_E3A44DE0-D45F-4716-9605-F92600087C8D" bypassable="false"><ns6:description></ns6:description><ns6:task name="you picked 2" key="_F36306EB-0608-4FB4-8903-9330DCC59400" bypassable="false"><ns6:description></ns6:description><ns6:assignee>bgoodrich</ns6:assignee><ns6:variables/></ns6:task></ns6:activities></ns6:option></ns6:decision></ns6:activities><ns6:bypassAssignee>admin</ns6:bypassAssignee></ns6:process>