<?xml version="1.0" encoding="UTF-8" standalone="yes"?><ns6:process xmlns="http://www.omg.org/spec/BPMN/20100524/MODEL" xmlns:ns2="http://www.omg.org/spec/DD/20100524/DI" xmlns:ns3="http://www.omg.org/spec/BPMN/20100524/DI" xmlns:ns4="http://www.omg.org/spec/DD/20100524/DC" xmlns:ns5="http://www.wiredwidgets.org/cow/server/schema/service" xmlns:ns6="http://www.wiredwidgets.org/cow/server/schema/model-v2" xmlns:ns7="http://www.wiredwidgets.org/rem2/schema" name="Personnel_Recovery" key="Personnel_Recovery" maxId="0"><ns6:activities sequential="true" name="base" key="_6FE9CF47-E4B4-445F-82F2-BB3742B48775"><ns6:task name="Locate Isolated Personnel" key="_A1F56F95-F6A3-4251-A923-A0CA290E580D" bypassable="false"><ns6:description></ns6:description><ns6:candidateGroups>SIDO</ns6:candidateGroups><ns6:variables><ns6:variable name="dataSource" value="Isolated Personnel"/><ns6:variable name="activityType" value="Monitoring"/></ns6:variables></ns6:task><ns6:task name="Confirm and Authenticate Personnel" key="_F2DFCA70-0A29-4B52-8E3A-FFB6369824F9" bypassable="false"><ns6:description></ns6:description><ns6:candidateGroups>SIDO</ns6:candidateGroups><ns6:variables><ns6:variable name="dataSource" value="PRMS Simulator"/><ns6:variable name="activityType" value="Monitoring"/></ns6:variables></ns6:task><ns6:task name="Get Area Population" key="_34A9CA8D-3E9E-4046-BCFC-6D0AD19D92EE" bypassable="false"><ns6:description></ns6:description><ns6:candidateGroups>SIDO</ns6:candidateGroups><ns6:variables><ns6:variable name="dataSource" value="Oregon Population"/><ns6:variable name="activityType" value="Monitoring"/></ns6:variables></ns6:task><ns6:task name="Select Course of Action" key="_7CBF8F58-D578-46FB-9E7E-82E7179F28A9" bypassable="false"><ns6:description></ns6:description><ns6:candidateGroups>SIDO</ns6:candidateGroups><ns6:variables><ns6:variable name="dataSource" value="Decision Spaces API"/><ns6:variable name="activityType" value="Deciding"/></ns6:variables></ns6:task><ns6:task name="Execute Recovery" key="_07C1ABC3-EC9E-4715-987E-237A6A3E3181" bypassable="false"><ns6:description></ns6:description><ns6:candidateGroups>SIDO</ns6:candidateGroups><ns6:variables><ns6:variable name="dataSource" value="Rescuers"/><ns6:variable name="activityType" value="Monitoring"/></ns6:variables></ns6:task></ns6:activities><ns6:bypassAssignee>admin</ns6:bypassAssignee></ns6:process>