<?xml version="1.0" encoding="UTF-8" standalone="yes"?><ns6:process xmlns="http://www.omg.org/spec/BPMN/20100524/MODEL" xmlns:ns2="http://www.omg.org/spec/DD/20100524/DI" xmlns:ns3="http://www.omg.org/spec/BPMN/20100524/DI" xmlns:ns4="http://www.omg.org/spec/DD/20100524/DC" xmlns:ns5="http://www.wiredwidgets.org/cow/server/schema/service" xmlns:ns6="http://www.wiredwidgets.org/cow/server/schema/model-v2" xmlns:ns7="http://www.wiredwidgets.org/rem2/schema" name="Pony_Express" key="Pony_Express" maxId="22"><ns6:activities sequential="true" name="base" key="base"><ns6:task name="Non-electronic form of communication" key="_2" bypassable="false"><ns6:description>This is how they used to do it.</ns6:description><ns6:assignee>joe</ns6:assignee><ns6:variables/></ns6:task><ns6:decision name="Have a horse?" key="" bypassable="false"><ns6:description>Basic requirement</ns6:description><ns6:task name="Have a horse?" key="_3" bypassable="false"><ns6:description></ns6:description><ns6:assignee>joe</ns6:assignee><ns6:variables/></ns6:task><ns6:option name="No horse"><ns6:activities sequential="true" name="No horseoption" key="No horseoption" bypassable="false"><ns6:description></ns6:description><ns6:exit state="horse is kind of a requirement" name="Exit" key="_6" bypassable="false"><ns6:description></ns6:description></ns6:exit></ns6:activities></ns6:option><ns6:option name="Yes"><ns6:activities sequential="true" name="Yesoption" key="Yesoption" bypassable="false"><ns6:description></ns6:description><ns6:activities sequential="true" name="List 6" key="" bypassable="false"><ns6:description></ns6:description><ns6:task name="Gather details to include in message" key="_7" bypassable="false"><ns6:description></ns6:description><ns6:assignee>joe</ns6:assignee><ns6:variables><ns6:variable name="Additional Info 1" value="datasource=[mysql://denim.mitre.org:3306/imdb?user=grails%26password=grailspw]"/></ns6:variables></ns6:task><ns6:task name="Determine message recipient" key="_8" bypassable="false"><ns6:description>who do we deliver the message to?</ns6:description><ns6:assignee>joe</ns6:assignee><ns6:variables/></ns6:task><ns6:task name="Deliver message to recipient" key="_9" bypassable="false"><ns6:description></ns6:description><ns6:assignee>joe</ns6:assignee><ns6:variables><ns6:variable name="Additional Info 1" value="datasource=[mysql://denim.mitre.org:3306/pr?user=grails%26password=grailspw]"/></ns6:variables></ns6:task></ns6:activities></ns6:activities></ns6:option></ns6:decision></ns6:activities><ns6:bypassAssignee>admin</ns6:bypassAssignee></ns6:process>