<?xml version="1.0" encoding="UTF-8" standalone="yes"?><ns6:process xmlns="http://www.omg.org/spec/BPMN/20100524/MODEL" xmlns:ns2="http://www.omg.org/spec/DD/20100524/DI" xmlns:ns3="http://www.omg.org/spec/BPMN/20100524/DI" xmlns:ns4="http://www.omg.org/spec/DD/20100524/DC" xmlns:ns5="http://www.wiredwidgets.org/cow/server/schema/service" xmlns:ns6="http://www.wiredwidgets.org/cow/server/schema/model-v2" xmlns:ns7="http://www.wiredwidgets.org/rem2/schema" name="PR_Basic_V2" key="PR_Basic_V2" maxId="14"><ns6:activities sequential="true" name="base" key="base"><ns6:task name="Get PR Event Details" key="_2" bypassable="true" wrapped="false"><ns6:description>........</ns6:description><ns6:candidateGroups>SIDO</ns6:candidateGroups><ns6:variables><ns6:variable name="Additional Info 1" value="Monitoring"/><ns6:variable name="Additional Info 2" value="CIV Data Local"/></ns6:variables></ns6:task><ns6:task name="Run Model" key="_3" bypassable="false"><ns6:description>Run DS Model</ns6:description><ns6:candidateGroups>SIDO</ns6:candidateGroups><ns6:variables/></ns6:task><ns6:task name="Select COA" key="_4" bypassable="false"><ns6:description>.........</ns6:description><ns6:candidateGroups>SIDO</ns6:candidateGroups><ns6:variables><ns6:variable name="Additional Info 1" value="Deciding"/><ns6:variable name="Additional Info 2" value="Decision Spaces Local"/></ns6:variables></ns6:task></ns6:activities><ns6:bypassAssignee>admin</ns6:bypassAssignee></ns6:process>