<?xml version="1.0" encoding="UTF-8" standalone="yes"?><ns6:process xmlns="http://www.omg.org/spec/BPMN/20100524/MODEL" xmlns:ns2="http://www.omg.org/spec/DD/20100524/DI" xmlns:ns3="http://www.omg.org/spec/BPMN/20100524/DI" xmlns:ns4="http://www.omg.org/spec/DD/20100524/DC" xmlns:ns5="http://www.wiredwidgets.org/cow/server/schema/service" xmlns:ns6="http://www.wiredwidgets.org/cow/server/schema/model-v2" xmlns:ns7="http://www.wiredwidgets.org/rem2/schema" name="PR_Basic" key="PR_Basic" maxId="0"><ns6:activities sequential="true" name="base" key="_2DEDF04B-47FD-4D19-BB53-CC0277DD2714"><ns6:task name="Task 1" key="_0575BF9A-237D-4706-811E-A1DDCA67547E" bypassable="false"><ns6:description></ns6:description><ns6:assignee>lisa</ns6:assignee><ns6:variables/></ns6:task><ns6:task name="Task 2" key="_FC5DF97E-A649-4605-AC01-5246B0EBF3DA" bypassable="false"><ns6:description></ns6:description><ns6:candidateGroups>SIDO</ns6:candidateGroups><ns6:variables/></ns6:task></ns6:activities><ns6:bypassAssignee>admin</ns6:bypassAssignee></ns6:process>