<?xml version="1.0" encoding="UTF-8" standalone="yes"?><ns6:process xmlns="http://www.omg.org/spec/BPMN/20100524/MODEL" xmlns:ns2="http://www.omg.org/spec/DD/20100524/DI" xmlns:ns3="http://www.omg.org/spec/BPMN/20100524/DI" xmlns:ns4="http://www.omg.org/spec/DD/20100524/DC" xmlns:ns5="http://www.wiredwidgets.org/cow/server/schema/service" xmlns:ns6="http://www.wiredwidgets.org/cow/server/schema/model-v2" xmlns:ns7="http://www.wiredwidgets.org/rem2/schema" name="PRC-ROZ" key="PRC-ROZ"><ns6:activities sequential="true" name="base" key="base"><ns6:task name="Build ROZ" bypassable="false"><ns6:description></ns6:description><ns6:candidateGroups>AM</ns6:candidateGroups><ns6:variables/></ns6:task><ns6:task name="Plan Infil-Exfil route" bypassable="false"><ns6:description></ns6:description><ns6:candidateGroups>AM</ns6:candidateGroups><ns6:variables/></ns6:task><ns6:task name="Review Recovery Assets" bypassable="false"><ns6:description></ns6:description><ns6:candidateGroups>AM</ns6:candidateGroups><ns6:variables/></ns6:task><ns6:task name="Determine Timeline" bypassable="false"><ns6:description></ns6:description><ns6:candidateGroups>AM</ns6:candidateGroups><ns6:variables/></ns6:task><ns6:task name="Execute" bypassable="false"><ns6:description></ns6:description><ns6:candidateGroups>AM</ns6:candidateGroups><ns6:variables/></ns6:task><ns6:task name="Recovery" bypassable="false"><ns6:description></ns6:description><ns6:candidateGroups>AM</ns6:candidateGroups><ns6:variables/></ns6:task><ns6:task name="Exfiltrate" bypassable="false"><ns6:description></ns6:description><ns6:candidateGroups>AM</ns6:candidateGroups><ns6:variables/></ns6:task></ns6:activities><ns6:bypassAssignee>admin</ns6:bypassAssignee></ns6:process>