<?xml version="1.0" encoding="UTF-8" standalone="yes"?><ns6:process xmlns="http://www.omg.org/spec/BPMN/20100524/MODEL" xmlns:ns2="http://www.omg.org/spec/DD/20100524/DI" xmlns:ns3="http://www.omg.org/spec/BPMN/20100524/DI" xmlns:ns4="http://www.omg.org/spec/DD/20100524/DC" xmlns:ns5="http://www.wiredwidgets.org/cow/server/schema/service" xmlns:ns6="http://www.wiredwidgets.org/cow/server/schema/model-v2" xmlns:ns7="http://www.wiredwidgets.org/rem2/schema" name="script" key="script" maxId="4"><ns6:activities sequential="true"><ns6:script name="script" key="_2"><ns6:import>java.lang.String</ns6:import><ns6:import>java.util.Map</ns6:import><ns6:content>
      		int i = 1;
      		int j = 2;
      		int k = 3;
      	</ns6:content></ns6:script><ns6:task name="task one" key="_3"><ns6:description>this is a description of task 1</ns6:description><ns6:candidateGroups>group1</ns6:candidateGroups></ns6:task></ns6:activities></ns6:process>