<?xml version="1.0" encoding="UTF-8" standalone="yes"?><ns6:process xmlns="http://www.omg.org/spec/BPMN/20100524/MODEL" xmlns:ns2="http://www.omg.org/spec/DD/20100524/DI" xmlns:ns3="http://www.omg.org/spec/BPMN/20100524/DI" xmlns:ns4="http://www.omg.org/spec/DD/20100524/DC" xmlns:ns5="http://www.wiredwidgets.org/cow/server/schema/service" xmlns:ns6="http://www.wiredwidgets.org/cow/server/schema/model-v2" xmlns:ns7="http://www.wiredwidgets.org/rem2/schema" name="Semaphore" key="Semaphore" maxId="35"><ns6:activities sequential="true" name="base" key="base"><ns6:task name="Semaphore communication" key="_2" bypassable="false"><ns6:description></ns6:description><ns6:assignee>fitzpatrick</ns6:assignee><ns6:variables/></ns6:task><ns6:decision name="Daylight and mostly clear conditions?" key="" bypassable="false"><ns6:description></ns6:description><ns6:task name="Do we currently have daylight and mostly clear conditions?" key="_3" bypassable="false"><ns6:description></ns6:description><ns6:assignee>fitzpatrick</ns6:assignee><ns6:variables/></ns6:task><ns6:option name="Yes"><ns6:activities sequential="true" name="Yesoption" key="Yesoption" bypassable="false"><ns6:description></ns6:description><ns6:task name="Proceed" key="_6" bypassable="false"><ns6:description></ns6:description><ns6:assignee>fitzpatrick</ns6:assignee><ns6:variables/></ns6:task></ns6:activities></ns6:option><ns6:option name="No"><ns6:activities sequential="true" name="Nooption" key="Nooption" bypassable="false"><ns6:description>flag or hand signals are useless if you can't see them</ns6:description><ns6:exit state="Won't be able to see signals" name="Exit" key="_7" bypassable="false"><ns6:description>At least not for useful distances</ns6:description></ns6:exit></ns6:activities></ns6:option></ns6:decision><ns6:decision name="Find stuff to signal with" key="" bypassable="false"><ns6:description>can just use hands, but not as easily visible as flags or something, signals</ns6:description><ns6:task name="Have something to signal with?" key="_8" bypassable="false"><ns6:description></ns6:description><ns6:assignee>fitzpatrick</ns6:assignee><ns6:variables/></ns6:task><ns6:option name="Yes"><ns6:activities sequential="true" name="Yesoption" key="Yesoption" bypassable="false"><ns6:description></ns6:description><ns6:activities sequential="true" name="Signaling tools" key="" bypassable="false"><ns6:description></ns6:description><ns6:task name="Flags" key="_11" bypassable="false"><ns6:description></ns6:description><ns6:assignee>fitzpatrick</ns6:assignee><ns6:variables/></ns6:task><ns6:task name="Anything with a stick like handle to extend your arms" key="_12" bypassable="false"><ns6:description>Broomstick, mop, bat, telescope, etc</ns6:description><ns6:assignee>fitzpatrick</ns6:assignee><ns6:variables/></ns6:task></ns6:activities></ns6:activities></ns6:option><ns6:option name="No"><ns6:activities sequential="true" name="Nooption" key="Nooption" bypassable="false"><ns6:description></ns6:description><ns6:task name="Use hands" key="_13" bypassable="false"><ns6:description></ns6:description><ns6:assignee>fitzpatrick</ns6:assignee><ns6:variables/></ns6:task></ns6:activities></ns6:option></ns6:decision><ns6:loop doneName="yes" repeatName="no" name="Start signalling" key="" bypassable="false"><ns6:description></ns6:description><ns6:activities sequential="true" name="Start signallinglooped" key="Start signallinglooped" bypassable="false"><ns6:description></ns6:description><ns6:activities sequential="true" name="Check for reply back" key="" bypassable="false"><ns6:description></ns6:description><ns6:task name="Someone semaphore signals back" key="_15" bypassable="false"><ns6:description></ns6:description><ns6:assignee>fitzpatrick</ns6:assignee><ns6:variables/></ns6:task><ns6:task name="Help arrives" key="_16" bypassable="false"><ns6:description>flags</ns6:description><ns6:assignee>fitzpatrick</ns6:assignee><ns6:variables/></ns6:task></ns6:activities></ns6:activities><ns6:loopTask name="Someone in the distance signals back or help arrives?" key="_17" bypassable="false"><ns6:description></ns6:description><ns6:assignee>fitzpatrick</ns6:assignee><ns6:variables/></ns6:loopTask></ns6:loop></ns6:activities><ns6:bypassAssignee>admin</ns6:bypassAssignee></ns6:process>