<?xml version="1.0" encoding="UTF-8" standalone="yes"?><ns6:process xmlns="http://www.omg.org/spec/BPMN/20100524/MODEL" xmlns:ns2="http://www.omg.org/spec/DD/20100524/DI" xmlns:ns3="http://www.omg.org/spec/BPMN/20100524/DI" xmlns:ns4="http://www.omg.org/spec/DD/20100524/DC" xmlns:ns5="http://www.wiredwidgets.org/cow/server/schema/service" xmlns:ns6="http://www.wiredwidgets.org/cow/server/schema/model-v2" xmlns:ns7="http://www.wiredwidgets.org/rem2/schema" name="Smoke_Signal" key="Smoke_Signal" maxId="85"><ns6:activities sequential="true" name="base" key="base"><ns6:task name="Non-electronic form of notification" key="_62" bypassable="false"><ns6:description></ns6:description><ns6:assignee>prema</ns6:assignee><ns6:variables/></ns6:task><ns6:decision name="Find something to burn" key="" bypassable="false"><ns6:description>fabric maybe?</ns6:description><ns6:task name="Is there any wood, paper or cardboard to burn in the area?" key="_2" bypassable="false"><ns6:description></ns6:description><ns6:assignee>prema</ns6:assignee><ns6:variables/></ns6:task><ns6:option name="Found flammable stuff"><ns6:activities sequential="true" name="Found flammable stuffoption" key="Found flammable stuffoption" bypassable="false"><ns6:description></ns6:description><ns6:task name="Need a pile of the stuff at least about 1 foot wide by 1 foot high" key="_5" bypassable="false"><ns6:description>If we don't have enough stuff to burn, won't be much of smoke signal, or it won't last for very long.  Still, anything is better than nothing I suppose.</ns6:description><ns6:assignee>prema</ns6:assignee><ns6:variables/></ns6:task><ns6:decision name="Find something to start the fire" key="" bypassable="false"><ns6:description>matches, lighter, flint, rocks to bang together, magnifying glass and sunlight, wooden sticks to rub together</ns6:description><ns6:task name="Do we have something to start the fire?" key="_6" bypassable="false"><ns6:description></ns6:description><ns6:assignee>prema</ns6:assignee><ns6:variables/></ns6:task><ns6:option name="Found something to start fire!"><ns6:activities sequential="true" name="Found something to start fire!option" key="Found something to start fire!option" bypassable="false"><ns6:description></ns6:description><ns6:task name="Start the fire then!" key="_9" bypassable="false"><ns6:description></ns6:description><ns6:assignee>prema</ns6:assignee><ns6:variables/></ns6:task><ns6:loop doneName="yes" repeatName="no" name="Check for reply signals" key="" bypassable="false"><ns6:description>could be in any form (smoke, flashing lights, human messenger...)</ns6:description><ns6:activities sequential="true" name="Check for reply signalslooped" key="Check for reply signalslooped" bypassable="false"><ns6:description></ns6:description><ns6:task name="Check sky" key="_11" bypassable="false"><ns6:description>smoke, flashing lights, helicopters</ns6:description><ns6:assignee>prema</ns6:assignee><ns6:variables/></ns6:task><ns6:task name="Listen for sounds" key="_12" bypassable="false"><ns6:description>Sounds of help coming (police, fire, ambulance sirens)</ns6:description><ns6:assignee>prema</ns6:assignee><ns6:variables/></ns6:task></ns6:activities><ns6:loopTask name="See a reply signal" key="_13" bypassable="false"><ns6:description></ns6:description><ns6:assignee>prema</ns6:assignee><ns6:variables/></ns6:loopTask></ns6:loop></ns6:activities></ns6:option><ns6:option name="No, nothing available to start the fire"><ns6:activities sequential="true" name="No, nothing available to start the fireoption" key="No, nothing available to start the fireoption" bypassable="false"><ns6:description></ns6:description><ns6:task name="Find a different signal method" key="_15" bypassable="false"><ns6:description></ns6:description><ns6:assignee>prema</ns6:assignee><ns6:variables/></ns6:task></ns6:activities></ns6:option></ns6:decision></ns6:activities></ns6:option><ns6:option name="No, nothing that can be burned safely"><ns6:activities sequential="true" name="No, nothing that can be burned safelyoption" key="No, nothing that can be burned safelyoption" bypassable="false"><ns6:description>Because we don't want to burn say plastic and create poisonous gases!</ns6:description><ns6:task name="Find a different signal method" key="_16" bypassable="false"><ns6:description></ns6:description><ns6:assignee>prema</ns6:assignee><ns6:variables/></ns6:task><ns6:exit state="" name="Exit" key="Exit" bypassable="false"><ns6:description></ns6:description></ns6:exit></ns6:activities></ns6:option></ns6:decision></ns6:activities><ns6:bypassAssignee>admin</ns6:bypassAssignee></ns6:process>