<?xml version="1.0" encoding="UTF-8" standalone="yes"?><ns6:process xmlns="http://www.omg.org/spec/BPMN/20100524/MODEL" xmlns:ns2="http://www.omg.org/spec/DD/20100524/DI" xmlns:ns3="http://www.omg.org/spec/BPMN/20100524/DI" xmlns:ns4="http://www.omg.org/spec/DD/20100524/DC" xmlns:ns5="http://www.wiredwidgets.org/cow/server/schema/service" xmlns:ns6="http://www.wiredwidgets.org/cow/server/schema/model-v2" xmlns:ns7="http://www.wiredwidgets.org/rem2/schema" name="Temperature_Control" key="Temperature_Control" maxId="73"><ns6:activities sequential="true" name="base" key="base"><ns6:task name="First Aid Temperature Control" key="_2" bypassable="false"><ns6:description>Temperature control is extremely important in a wide range of traumatic and non-traumatic medical conditions.</ns6:description><ns6:assignee>prema</ns6:assignee><ns6:variables/></ns6:task><ns6:activities sequential="true" name="Hypothermia Prevention" key="" bypassable="false"><ns6:description></ns6:description><ns6:activities sequential="true" name="Determine if something is making patient cold" key="" bypassable="false"><ns6:description></ns6:description><ns6:task name="ground" key="_3" bypassable="false"><ns6:description>lying on pavement or road, or ground in general will make patient colder</ns6:description><ns6:assignee>prema</ns6:assignee><ns6:variables/></ns6:task><ns6:task name="cold water" key="_4" bypassable="false"><ns6:description>person lying in water colder than normal body temperature</ns6:description><ns6:assignee>prema</ns6:assignee><ns6:variables/></ns6:task><ns6:task name="wet clothes" key="_5" bypassable="false"><ns6:description></ns6:description><ns6:assignee>prema</ns6:assignee><ns6:variables/></ns6:task><ns6:task name="rain" key="_6" bypassable="false"><ns6:description></ns6:description><ns6:assignee>prema</ns6:assignee><ns6:variables/></ns6:task></ns6:activities></ns6:activities><ns6:activities sequential="true" name="Hyperthermia Prevention" key="" bypassable="false"><ns6:description>Too high a temperature will lead to seizures, organ failure, unconsciousness, and death.</ns6:description><ns6:activities sequential="true" name="Determine if something is making patient hot" key="" bypassable="false"><ns6:description></ns6:description><ns6:task name="drugs" key="_7" bypassable="false"><ns6:description>Certain legal drugs like antidepressants (SSRIÃƒÆÃ‚ÃÂ¢ÃÂ¢âÃÂ¬ÃÂ¢âÃÂ¢s and MAOIÃƒÆÃ‚ÃÂ¢ÃÂ¢âÃÂ¬ÃÂ¢âÃÂ¢s), penicillin, procainamide and cephalosporins, can cause an increase in body temperature. Illegal drugs like ecstasy, cocaine, and methamphetamineÃƒÆÃ‚ÃÂ¢ÃÂ¢âÃÂ¬ÃÂ¢âÃÂ¢s are also commonly known to cause hyperthermia.</ns6:description><ns6:assignee>prema</ns6:assignee><ns6:variables/></ns6:task><ns6:task name="Too much clothing or other covering" key="_8" bypassable="false"><ns6:description>Flu patients might have wrapped themselves in many blankets if they felt cold, but this may cause a fever to go higher.</ns6:description><ns6:assignee>prema</ns6:assignee><ns6:variables/></ns6:task><ns6:task name="sun" key="_21" bypassable="false"><ns6:description>direct sun or just being outside in the shade on too hot a day</ns6:description><ns6:assignee>prema</ns6:assignee><ns6:variables/></ns6:task></ns6:activities></ns6:activities><ns6:decision name="Need to correct patient temperature in some way?" key="" bypassable="false"><ns6:description>This could mean moving patient or just covering them with a blanket.</ns6:description><ns6:task name="Need to correct patient temperature in some way?" key="_9" bypassable="false"><ns6:description></ns6:description><ns6:assignee>prema</ns6:assignee><ns6:variables/></ns6:task><ns6:option name="No"><ns6:activities sequential="true" name="Nooption" key="Nooption" bypassable="false"><ns6:description></ns6:description><ns6:exit state="" name="Exit" key="_13" bypassable="false"><ns6:description></ns6:description></ns6:exit></ns6:activities></ns6:option><ns6:option name="Yes"><ns6:activities sequential="true" name="Yesoption" key="Yesoption" bypassable="false"><ns6:description></ns6:description><ns6:decision name="Can temperature be corrected without moving patient?" key="" bypassable="false"><ns6:description></ns6:description><ns6:task name="Can temperature be corrected without moving patient?" key="_30" bypassable="false"><ns6:description></ns6:description><ns6:assignee>prema</ns6:assignee><ns6:variables/></ns6:task><ns6:option name="Yes"><ns6:activities sequential="true" name="Yesoption" key="Yesoption" bypassable="false"><ns6:description></ns6:description><ns6:activities sequential="true" name="Methods to Increase Temperature" key="" bypassable="false"><ns6:description>Warm patient's trunk before hands and feet.  Warming extremities first can cause shock.

Do not immerse the person in warm water. Rapid warming can cause heart arrhythmia.</ns6:description><ns6:task name="Blanket" key="_33" bypassable="false"><ns6:description>cover the patient up!</ns6:description><ns6:assignee>prema</ns6:assignee><ns6:variables/></ns6:task><ns6:task name="Make fire near patient" key="_34" bypassable="false"><ns6:description></ns6:description><ns6:assignee>prema</ns6:assignee><ns6:variables/></ns6:task><ns6:task name="Drugs" key="_35" bypassable="false"><ns6:description></ns6:description><ns6:assignee>prema</ns6:assignee><ns6:variables/></ns6:task><ns6:task name="Remove wet clothing and dry patient" key="_68" bypassable="false"><ns6:description></ns6:description><ns6:assignee>prema</ns6:assignee><ns6:variables/></ns6:task><ns6:task name="hot water bottles or chemical hot packs" key="_69" bypassable="false"><ns6:description>wrap them in cloth; don't apply them directly to the skin.</ns6:description><ns6:assignee>prema</ns6:assignee><ns6:variables/></ns6:task><ns6:task name="Warm drink" key="_70" bypassable="false"><ns6:description>if conscious. Avoid caffeine or alcohol</ns6:description><ns6:assignee>prema</ns6:assignee><ns6:variables/></ns6:task></ns6:activities><ns6:activities sequential="true" name="Methods to Decrease Temperature" key="" bypassable="false"><ns6:description></ns6:description><ns6:task name="Remove clothing" key="_36" bypassable="false"><ns6:description></ns6:description><ns6:assignee>prema</ns6:assignee><ns6:variables/></ns6:task><ns6:task name="Ice water bath or enema" key="_37" bypassable="false"><ns6:description></ns6:description><ns6:assignee>prema</ns6:assignee><ns6:variables/></ns6:task><ns6:task name="Drink cold water" key="_38" bypassable="false"><ns6:description></ns6:description><ns6:assignee>prema</ns6:assignee><ns6:variables/></ns6:task><ns6:task name="Drugs" key="_39" bypassable="false"><ns6:description>acetaminophen (tylenol), ibuprofen (Advil, Motrin) and naproxen (Aleve).

Children and teens should not take aspirin because it's linked to condition called ReyeÃÂ¢â¬â¢s syndrome.</ns6:description><ns6:assignee>prema</ns6:assignee><ns6:variables/></ns6:task><ns6:task name="Fan the patient" key="_48" bypassable="false"><ns6:description></ns6:description><ns6:assignee>prema</ns6:assignee><ns6:variables/></ns6:task><ns6:task name="Sprinkle water on patient" key="_49" bypassable="false"><ns6:description></ns6:description><ns6:assignee>prema</ns6:assignee><ns6:variables/></ns6:task><ns6:task name="salt solution, administered intravenously" key="_50" bypassable="false"><ns6:description></ns6:description><ns6:assignee>prema</ns6:assignee><ns6:variables/></ns6:task><ns6:task name="massage" key="_59" bypassable="false"><ns6:description>massage the victim's arms and legs to assist blood circulation; massage strokes should be toward his trunk</ns6:description><ns6:assignee>prema</ns6:assignee><ns6:variables/></ns6:task></ns6:activities></ns6:activities></ns6:option><ns6:option name="No"><ns6:activities sequential="true" name="Nooption" key="Nooption" bypassable="false"><ns6:description></ns6:description><ns6:decision name="Ok to move patient?" key="" bypassable="false"><ns6:description>Usually do not move someone with neck or back pain from their trauma, but do what you can to keep their body temperature optimal.</ns6:description><ns6:task name="Ok to move patient?" key="_14" bypassable="false"><ns6:description></ns6:description><ns6:assignee>prema</ns6:assignee><ns6:variables/></ns6:task><ns6:option name="No"><ns6:activities sequential="true" name="Nooption" key="Nooption" bypassable="false"><ns6:description></ns6:description><ns6:exit state="" name="Exit" key="_17" bypassable="false"><ns6:description></ns6:description></ns6:exit></ns6:activities></ns6:option><ns6:option name="Yes"><ns6:activities sequential="true" name="Yesoption" key="Yesoption" bypassable="false"><ns6:description></ns6:description><ns6:task name="Move person to better location for temperature control" key="_18" bypassable="false"><ns6:description>Might be as simple as getting patient off the floor and onto a table</ns6:description><ns6:assignee>prema</ns6:assignee><ns6:variables/></ns6:task></ns6:activities></ns6:option></ns6:decision></ns6:activities></ns6:option></ns6:decision></ns6:activities></ns6:option></ns6:decision></ns6:activities><ns6:bypassAssignee>admin</ns6:bypassAssignee></ns6:process>