<?xml version="1.0" encoding="UTF-8" standalone="yes"?><ns6:process xmlns="http://www.omg.org/spec/BPMN/20100524/MODEL" xmlns:ns2="http://www.omg.org/spec/DD/20100524/DI" xmlns:ns3="http://www.omg.org/spec/BPMN/20100524/DI" xmlns:ns4="http://www.omg.org/spec/DD/20100524/DC" xmlns:ns5="http://www.wiredwidgets.org/cow/server/schema/service" xmlns:ns6="http://www.wiredwidgets.org/cow/server/schema/model-v2" xmlns:ns7="http://www.wiredwidgets.org/rem2/schema" name="TempConvertService" key="TempConvertService" maxId="0"><ns6:activities sequential="true" name="base" key="_4EF46770-8884-4FFB-A85D-0CFF22B06C9D"><ns6:task name="Task 1" key="_79811275-6CE5-43F8-9F5D-1500DA9E6024" bypassable="false"><ns6:description>Complete to start service call</ns6:description><ns6:candidateGroups>SIDO</ns6:candidateGroups><ns6:variables><ns6:variable name="Additional Info 1" value="more info 1"/></ns6:variables></ns6:task><ns6:serviceTask name="TempConvert" key="_2165ADC7-250D-48E5-B387-65A69ED0FA3F" bypassable="false"><ns6:description></ns6:description><ns6:method>POST</ns6:method><ns6:url>http://www.w3schools.com/webservices/tempconvert.asmx</ns6:url><ns6:content>&lt;soapenv:Envelope xmlns:soapenv="http://schemas.xmlsoap.org/soap/envelope/" xmlns:web="http://www.w3schools.com/webservices/"&gt;    &lt;soapenv:Header/&gt;    &lt;soapenv:Body&gt;       &lt;web:CelsiusToFahrenheit&gt;          &lt;!--Optional:--&gt;          &lt;web:Celsius&gt;100&lt;/web:Celsius&gt;       &lt;/web:CelsiusToFahrenheit&gt;    &lt;/soapenv:Body&gt; &lt;/soapenv:Envelope&gt;</ns6:content><ns6:var>CelsiusTemp</ns6:var></ns6:serviceTask><ns6:task name="Task 3" key="_150DF8CC-811F-45DA-89A3-328D9A6ACA1C" bypassable="false"><ns6:description>View Result of service</ns6:description><ns6:candidateGroups>SIDO</ns6:candidateGroups><ns6:variables/></ns6:task></ns6:activities><ns6:bypassAssignee>admin</ns6:bypassAssignee></ns6:process>