<?xml version="1.0" encoding="UTF-8" standalone="yes"?><ns6:process xmlns="http://www.omg.org/spec/BPMN/20100524/MODEL" xmlns:ns2="http://www.omg.org/spec/DD/20100524/DI" xmlns:ns3="http://www.omg.org/spec/BPMN/20100524/DI" xmlns:ns4="http://www.omg.org/spec/DD/20100524/DC" xmlns:ns5="http://www.wiredwidgets.org/cow/server/schema/service" xmlns:ns6="http://www.wiredwidgets.org/cow/server/schema/model-v2" xmlns:ns7="http://www.wiredwidgets.org/rem2/schema" name="TestWF" key="TestWF" maxId="12"><ns6:activities sequential="true" name="base" key="base"><ns6:loop doneName="yes" repeatName="no" name="Loop 6" key="" bypassable="false"><ns6:description></ns6:description><ns6:activities sequential="true" name="Loop 6looped" key="Loop 6looped" bypassable="false"><ns6:description></ns6:description><ns6:task name="Task 1" key="_3" bypassable="false"><ns6:description>Do something</ns6:description><ns6:assignee>guest</ns6:assignee><ns6:variables/></ns6:task><ns6:task name="Task 2" key="_4" bypassable="false"><ns6:description></ns6:description><ns6:assignee>guest</ns6:assignee><ns6:variables/></ns6:task></ns6:activities><ns6:loopTask name="Is the loop done?" key="_5" bypassable="false"><ns6:description></ns6:description><ns6:assignee>guest</ns6:assignee><ns6:variables/></ns6:loopTask></ns6:loop><ns6:decision name="Decision 7" key="" bypassable="false"><ns6:description></ns6:description><ns6:task name="Is this WF done?" key="_7" bypassable="false"><ns6:description></ns6:description><ns6:assignee>guest</ns6:assignee><ns6:variables/></ns6:task><ns6:option name="Option 8"><ns6:activities sequential="true" name="Option 8option" key="Option 8option" bypassable="false"><ns6:description></ns6:description><ns6:exit state="" name="Exit" key="_10" bypassable="false"><ns6:description></ns6:description></ns6:exit></ns6:activities></ns6:option><ns6:option name="Option 10"><ns6:activities sequential="true" name="Option 10option" key="Option 10option" bypassable="false"><ns6:description></ns6:description><ns6:task name="Task 9" key="_11" bypassable="false"><ns6:description></ns6:description><ns6:assignee>guest</ns6:assignee><ns6:variables/></ns6:task></ns6:activities></ns6:option></ns6:decision></ns6:activities><ns6:bypassAssignee>admin</ns6:bypassAssignee></ns6:process>