<?xml version="1.0" encoding="UTF-8" standalone="yes"?><ns6:process xmlns="http://www.omg.org/spec/BPMN/20100524/MODEL" xmlns:ns2="http://www.omg.org/spec/DD/20100524/DI" xmlns:ns3="http://www.omg.org/spec/BPMN/20100524/DI" xmlns:ns4="http://www.omg.org/spec/DD/20100524/DC" xmlns:ns5="http://www.wiredwidgets.org/cow/server/schema/service" xmlns:ns6="http://www.wiredwidgets.org/cow/server/schema/model-v2" xmlns:ns7="http://www.wiredwidgets.org/rem2/schema" name="Tourniquet" key="Tourniquet" maxId="8"><ns6:activities sequential="true" name="base" key="base"><ns6:task name="Tourniquet" key="_2" bypassable="false"><ns6:description>Applied appropriately, you severely reduce, or cut off completely, blood- flow to that extremity.  However, muscle and other tissues in that limb begin to die. </ns6:description><ns6:assignee>joe</ns6:assignee><ns6:variables/></ns6:task><ns6:task name="Find something to tie around injured area" key="_5" bypassable="false"><ns6:description>Needs to be long enough to go around area with sufficient length left to make knot</ns6:description><ns6:assignee>joe</ns6:assignee><ns6:variables/></ns6:task><ns6:task name="Tie around injured extremity" key="_6" bypassable="false"><ns6:description></ns6:description><ns6:assignee>joe</ns6:assignee><ns6:variables/></ns6:task><ns6:task name="Tighten until the bleeding stops" key="_7" bypassable="false"><ns6:description></ns6:description><ns6:assignee>joe</ns6:assignee><ns6:variables/></ns6:task></ns6:activities><ns6:bypassAssignee>admin</ns6:bypassAssignee></ns6:process>