<?xml version="1.0" encoding="UTF-8" standalone="yes"?><ns6:process xmlns="http://www.omg.org/spec/BPMN/20100524/MODEL" xmlns:ns2="http://www.omg.org/spec/DD/20100524/DI" xmlns:ns3="http://www.omg.org/spec/BPMN/20100524/DI" xmlns:ns4="http://www.omg.org/spec/DD/20100524/DC" xmlns:ns5="http://www.wiredwidgets.org/cow/server/schema/service" xmlns:ns6="http://www.wiredwidgets.org/cow/server/schema/model-v2" xmlns:ns7="http://www.wiredwidgets.org/rem2/schema" name="v2-decision" key="v2-decision" targetFormat="bpmn2"><ns6:activities name="activities"><ns6:decision name="decision"><ns6:task name="decisiontask" key="_3"><ns6:description>decision task description</ns6:description><ns6:candidateGroups>group1</ns6:candidateGroups></ns6:task><ns6:option name="option1"><ns6:task name="optionTask1" key="_6"><ns6:description>option 1 description</ns6:description><ns6:candidateGroups>group1</ns6:candidateGroups></ns6:task></ns6:option><ns6:option name="option2"><ns6:task name="optionTask2" key="_7"><ns6:description>option 2 description</ns6:description><ns6:candidateGroups>group1</ns6:candidateGroups></ns6:task></ns6:option></ns6:decision><ns6:task name="task99" key="_8"><ns6:description>task 99 description</ns6:description><ns6:candidateGroups>group1</ns6:candidateGroups></ns6:task></ns6:activities><ns6:variables><ns6:variable name="var1" value="test1"/><ns6:variable name="var2" value="test2"/></ns6:variables></ns6:process>