<?xml version="1.0" encoding="UTF-8" standalone="yes"?><ns6:process xmlns="http://www.omg.org/spec/BPMN/20100524/MODEL" xmlns:ns2="http://www.omg.org/spec/DD/20100524/DI" xmlns:ns3="http://www.omg.org/spec/BPMN/20100524/DI" xmlns:ns4="http://www.omg.org/spec/DD/20100524/DC" xmlns:ns5="http://www.wiredwidgets.org/cow/server/schema/service" xmlns:ns6="http://www.wiredwidgets.org/cow/server/schema/model-v2" xmlns:ns7="http://www.wiredwidgets.org/rem2/schema" name="v2-simple" key="v2-simple2"><ns6:activities sequential="true"><ns6:task name="task one"><ns6:description>this is a duplicate 2</ns6:description><ns6:assignee>jkranes</ns6:assignee></ns6:task><ns6:task name="task two"><ns6:description>this is a description of task 2</ns6:description><ns6:candidateGroups>group1</ns6:candidateGroups></ns6:task></ns6:activities><ns6:variables><ns6:variable name="test" value="xxx"/></ns6:variables></ns6:process>