<?xml version="1.0" encoding="UTF-8" standalone="yes"?><ns6:process xmlns="http://www.omg.org/spec/BPMN/20100524/MODEL" xmlns:ns2="http://www.omg.org/spec/DD/20100524/DI" xmlns:ns3="http://www.omg.org/spec/BPMN/20100524/DI" xmlns:ns4="http://www.omg.org/spec/DD/20100524/DC" xmlns:ns5="http://www.wiredwidgets.org/cow/server/schema/service" xmlns:ns6="http://www.wiredwidgets.org/cow/server/schema/model-v2" xmlns:ns7="http://www.wiredwidgets.org/rem2/schema" name="vartest2" key="vartest2" maxId="0"><ns6:activities sequential="true" name="base" key="_0119BCB6-A00E-43E7-B97C-612F3CB37AAD"><ns6:task name="Task 1" key="_729D1DD2-36C9-486F-9C27-2ADD4747FACF" bypassable="false"><ns6:description></ns6:description><ns6:assignee>bgoodrich</ns6:assignee><ns6:variables><ns6:variable name="var1" value="val1"/><ns6:variable name="var2" value="val2"/><ns6:variable name="var3" value="val3"/></ns6:variables></ns6:task><ns6:task name="Task 2" key="_A4655DBE-2CF7-492C-B33D-E8E22CBBDC39" bypassable="false"><ns6:description></ns6:description><ns6:assignee>bgoodrich</ns6:assignee><ns6:variables/></ns6:task><ns6:task name="Task 3" key="_4B3F79D8-70AC-49DA-835F-4968E47756F7" bypassable="false"><ns6:description></ns6:description><ns6:assignee>bgoodrich</ns6:assignee><ns6:variables><ns6:variable name="var1" value="val1"/></ns6:variables></ns6:task><ns6:task name="Task 4" key="_2BB8FFB2-3CAC-4AEC-864A-0E1FBFFF28E2" bypassable="false"><ns6:description></ns6:description><ns6:assignee>bgoodrich</ns6:assignee><ns6:variables/></ns6:task></ns6:activities><ns6:bypassAssignee>admin</ns6:bypassAssignee></ns6:process>