<?xml version="1.0" encoding="UTF-8" standalone="yes"?><ns6:process xmlns="http://www.omg.org/spec/BPMN/20100524/MODEL" xmlns:ns2="http://www.omg.org/spec/DD/20100524/DI" xmlns:ns3="http://www.omg.org/spec/BPMN/20100524/DI" xmlns:ns4="http://www.omg.org/spec/DD/20100524/DC" xmlns:ns5="http://www.wiredwidgets.org/cow/server/schema/service" xmlns:ns6="http://www.wiredwidgets.org/cow/server/schema/model-v2" xmlns:ns7="http://www.wiredwidgets.org/rem2/schema" name="vartest" key="vartest" maxId="0"><ns6:activities sequential="true" name="base" key="_A8A3AA89-DBAA-43A2-9812-4638E2EDD1A2"><ns6:task name="Task 1" key="_9B7B1A7B-AC67-4490-A806-839302235050" bypassable="false"><ns6:description></ns6:description><ns6:assignee>bgoodrich</ns6:assignee><ns6:variables><ns6:variable name="test1" value="testing"/></ns6:variables></ns6:task></ns6:activities><ns6:bypassAssignee>admin</ns6:bypassAssignee></ns6:process>