<?xml version="1.0" encoding="UTF-8" standalone="yes"?><ns6:process xmlns="http://www.omg.org/spec/BPMN/20100524/MODEL" xmlns:ns2="http://www.omg.org/spec/DD/20100524/DI" xmlns:ns3="http://www.omg.org/spec/BPMN/20100524/DI" xmlns:ns4="http://www.omg.org/spec/DD/20100524/DC" xmlns:ns5="http://www.wiredwidgets.org/cow/server/schema/service" xmlns:ns6="http://www.wiredwidgets.org/cow/server/schema/model-v2" xmlns:ns7="http://www.wiredwidgets.org/rem2/schema" name="Weaver-PR-Z" key="Weaver-PR-Z" maxId="0"><ns6:activities sequential="true" name="base" key="_59FBEB1F-2150-4AD8-9163-172387E0725B"><ns6:activities sequential="true" name="A2C2-PR-Z" key="_D0330717-3092-446D-8834-FFF566C3AFB1" bypassable="false"><ns6:description></ns6:description><ns6:activities sequential="true" name="Report" key="_9FCE99E0-3F2D-46D8-A8EC-B935E9A1372D" bypassable="false"><ns6:description></ns6:description><ns6:task name="Notification of Isolated Personnel" key="_9D28DCCB-DC9A-4DA0-8FAF-D705D4DF13EC" bypassable="false"><ns6:description></ns6:description><ns6:candidateGroups>SIDO</ns6:candidateGroups><ns6:variables><ns6:variable name="Additional Info 1" value="Monitoring"/><ns6:variable name="Additional Info 2" value="PRMS Simulator"/><ns6:variable name="activityType" value="Monitoring"/><ns6:variable name="dataSource" value="PRMS Simulator"/></ns6:variables></ns6:task></ns6:activities><ns6:activities sequential="true" name="Locate" key="_4F9FA2E1-54A7-472B-974E-487B22FF3BE5" bypassable="false"><ns6:description></ns6:description><ns6:task name="Use UAVs to locate isolated personnel" key="_A2A58E5D-0BC2-443E-8039-69F4CE94DA74" bypassable="false"><ns6:description></ns6:description><ns6:candidateGroups>SIDO</ns6:candidateGroups><ns6:variables><ns6:variable name="Additional Info 1" value="Monitoring"/><ns6:variable name="Additional Info 2" value="UAS"/><ns6:variable name="activityType" value="Monitoring"/><ns6:variable name="dataSource" value="UAS"/></ns6:variables></ns6:task><ns6:task name="Locate Isolated Personnel" key="_AEB69455-D860-41EC-A709-2389FEEA5C91" bypassable="false"><ns6:description></ns6:description><ns6:candidateGroups>SIDO</ns6:candidateGroups><ns6:variables><ns6:variable name="Additional Info 1" value="Monitoring"/><ns6:variable name="Additional Info 2" value="AMCITS"/><ns6:variable name="activityType" value="Monitoring"/><ns6:variable name="dataSource" value="AMCITS"/></ns6:variables></ns6:task><ns6:task name="Confirm and Authenticate Personnel" key="_FA5830F4-BF38-4503-BD8C-9E26ADCD7E82" bypassable="false"><ns6:description></ns6:description><ns6:candidateGroups>SIDO</ns6:candidateGroups><ns6:variables><ns6:variable name="Additional Info 1" value="Monitoring"/><ns6:variable name="Additional Info 2" value="PRMS Simulator"/><ns6:variable name="activityType" value="Monitoring"/><ns6:variable name="dataSource" value="PRMS Simulator"/></ns6:variables></ns6:task></ns6:activities><ns6:activities sequential="true" name="Support" key="_AF854223-5BC0-4A3A-B8AC-139FFA706BD4" bypassable="false"><ns6:description></ns6:description><ns6:task name="Get Area Population" key="_F1DA8301-EDEC-4789-ABEE-71268E465972" bypassable="false"><ns6:description></ns6:description><ns6:candidateGroups>SIDO</ns6:candidateGroups><ns6:variables><ns6:variable name="Additional Info 1" value="Monitoring"/><ns6:variable name="Additional Info 2" value="Oregon Population"/><ns6:variable name="activityType" value="Monitoring"/><ns6:variable name="dataSource" value="Oregon Population"/></ns6:variables></ns6:task><ns6:task name="Evaluate Suitability of COA Types" key="_C653AE0D-39A6-4CEB-8D88-05BFFF77995D" bypassable="false"><ns6:description></ns6:description><ns6:candidateGroups>SIDO</ns6:candidateGroups><ns6:variables><ns6:variable name="activityType" value="Deciding"/><ns6:variable name="dataSource" value="Weaver Data"/></ns6:variables></ns6:task><ns6:task name="Generate Possible COAs" key="_C6DDB7A4-F0DB-4661-8191-0E20CE07ADFF" bypassable="false"><ns6:description></ns6:description><ns6:candidateGroups>SIDO</ns6:candidateGroups><ns6:variables><ns6:variable name="activityType" value=" "/><ns6:variable name="dataSource" value="none"/></ns6:variables></ns6:task><ns6:task name="Select Course of Action" key="_6073969E-77DA-44F6-92C3-85B1189C6C32" bypassable="false"><ns6:description></ns6:description><ns6:candidateGroups>SIDO</ns6:candidateGroups><ns6:variables><ns6:variable name="Additional Info 1" value="Deciding"/><ns6:variable name="Additional Info 2" value="Decision Spaces Local"/><ns6:variable name="activityType" value="Deciding"/><ns6:variable name="dataSource" value="Decision Spaces Local"/></ns6:variables></ns6:task></ns6:activities><ns6:activities sequential="true" name="Recover" key="_83416A55-20F7-45CE-B320-E9B95C71491C" bypassable="false"><ns6:description></ns6:description><ns6:task name="Execute Recovery" key="_2DED0A24-8C1F-406C-A705-B0BA4C42755C" bypassable="false"><ns6:description></ns6:description><ns6:candidateGroups>SIDO</ns6:candidateGroups><ns6:variables><ns6:variable name="Additional Info 1" value="Monitoring"/><ns6:variable name="Additional Info 2" value="Rescuer"/><ns6:variable name="activityType" value="Monitoring"/><ns6:variable name="dataSource" value="Rescuers"/></ns6:variables></ns6:task><ns6:task name="Monitor Recovery" key="_8F3F8924-7F8E-4B8A-8632-3F067101E65B" bypassable="false"><ns6:description></ns6:description><ns6:candidateGroups>SIDO</ns6:candidateGroups><ns6:variables><ns6:variable name="Additional Info 1" value="Monitoring"/><ns6:variable name="Additional Info 2" value="Dash KML Merge"/><ns6:variable name="activityType" value="Monitoring"/><ns6:variable name="dataSource" value="Dash KML Merge"/></ns6:variables></ns6:task></ns6:activities></ns6:activities></ns6:activities><ns6:bypassAssignee>admin</ns6:bypassAssignee></ns6:process>